season,wingspan,height_w_shoes,standing_reach,body_fat_pct,hand_length,hand_width,name
2019,82,78,103,8.5,,,Zion Williamson
2019,79,75,,,,,Ja Morant
2019,82,79,,,,,RJ Barrett
2019,86,79,,,,,De'Andre Hunter
2019,77,74,,,,,Darius Garland
2019,81.5,78.75,100.5,5,8.25,8.5,Jarrett Culver
2019,77,76.75,97.5,4.3,7.75,9,Coby White
2019,87.5,83.5,110.5,5,9.25,10.5,Jaxson Hayes
2019,86,80,,,,,Rui Hachimura
2019,84.5,80,105.5,4.7,9,9,Cam Reddish
2019,82,80.5,103,5.8,8,8.5,Cameron Johnson
2019,86.5,80,106.5,8.6,9,10.25,P.J. Washington
2019,75.25,78,100.5,7.1,8,8.75,Tyler Herro
2019,83,78,103,,9,9,Romeo Langford
2019,83,,,,,,Sekou Doumbouya
2019,84,80,,,,,Chuma Okeke
2019,81.5,77.5,102,5.9,8.5,8.75,Nickeil Alexander-Walker
2019,86,,,,,,Goga Bitadze
2019,82.5,83,107,5.6,8.5,9,Luka Samanic
2019,84,78,,,,,Matisse Thybulle
2019,80.25,80.25,102,4.9,8.25,9.5,Brandon Clarke
2019,81.75,79.5,104.5,5.4,9,10.5,Grant Williams
2019,84,81,107,3.6,9,9.75,Darius Bazley
2019,76,77.5,98,6.5,8.25,9.5,Ty Jerome
2019,85.25,78,104.5,5.9,8.75,10,Nassir Little
2019,82,79.5,104.5,4.6,8.25,9.5,Dylan Windler
2019,87,82.25,109.5,5.1,9.25,10.75,Mfiondu Kabengele
2019,78.75,77.5,99.5,7.5,8.25,8.5,Jordan Poole
2019,81.25,78,104,5.6,8,9.25,Keldon Johnson
2019,81,77.5,103,5.1,8.75,8.75,Kevin Porter Jr.
2019,86.5,83.75,110,4.5,9.25,9.5,Nicolas Claxton
2019,85.75,81.5,106.5,4.6,9.25,9.25,KZ Okpala
2019,78,72,94.5,5.5,8.75,9,Carsen Edwards
2019,87.25,82.25,110,5.4,9.25,10,Bruno Fernando
2019,79,,,,,,Marcos Louzada Silva
2019,82.25,77.5,102.5,5,8.25,9,Cody Martin
2019,79,,,,,,Deividas Sirvydis
2019,86.5,82.5,110,5.9,9.25,9.25,Daniel Gafford
2019,86,,,,,,Alen Smailagic
2019,83,79,,,,,Justin James
2019,87.75,79.25,103.5,6.3,9,9.5,Eric Paschall
2019,81.75,77.25,102.5,6.8,8.75,9,Admiral Schofield
2019,79.25,76.25,98,6.1,8.25,8.5,Jaylen Nowell
2019,91,86.5,115.5,7.1,9.25,9.5,Bol Bol
2019,85,80.5,106,3.9,9,10.5,Isaiah Roby
2019,85.25,76,103,8.4,9.5,9.75,Talen Horton-Tucker
2019,81.25,79.25,102,6,8.75,9.5,Ignas Brazdeikis
2019,79.75,78.5,101,4,9.5,9.25,Terance Mann
2019,81,76.25,100,6.1,8.5,9,Quinndary Weatherspoon
2019,85,79,,,,,Jarrell Brantley
2019,74.25,70.75,93.5,6.6,8,9.75,Tremont Waters
2019,84.25,81.75,105.5,5.7,9,10,Jalen McDaniels
2019,80,74,,,,,Justin Wright-Foreman
2019,84.25,77.5,103.5,4.7,8.75,9.25,Marial Shayok
2019,76.5,74.25,95.5,5.7,8,8.75,Kyle Guy
2019,77.5,75,97,5.1,8,8.25,Jaylen Hands
2019,75.25,74.75,95,5,7.5,9.25,Jordan Bone
2019,82.75,77.75,100.5,4.9,9,10,Miye Oni
2019,85.75,82.25,107,6.1,9.5,10.25,Dewan Hernandez
2019,79,,,,,,Vanja Marinkovic
2018,90,85,,,,,Deandre Ayton
2018,85,83,,,,,Marvin Bagley III
2018,84,,,,,,Luka Doncic
2018,89.25,83.25,110,7.2,10,10,Jaren Jackson Jr.
2018,75,73.75,95.5,5.35,8,9.25,Trae Young
2018,94,84.75,115.5,6.2,9.75,10.25,Mo Bamba
2018,88.5,82,109,7.85,8.5,9,Wendell Carter Jr.
2018,79.25,73.5,98.5,5.6,8.25,8.5,Collin Sexton
2018,83.75,81,108,4.95,8.75,9.25,Kevin Knox II
2018,85,79,,,,,Mikal Bridges
2018,83.5,78,104,3,9,9,Shai Gilgeous-Alexander
2018,81.5,78.75,103.5,5.9,9,9.75,Miles Bridges
2018,79.25,77,98,6.05,9,10,Jerome Robinson
2018,84.25,82.75,108.5,6.4,8.75,9.25,Michael Porter Jr.
2018,82.25,78.75,105,7.05,9,9.75,Troy Brown Jr.
2018,81.75,76,100,6.05,8.75,8.25,Zhaire Smith
2018,78,76.5,97.5,5,8.25,9,Donte DiVincenzo
2018,82.25,76.5,99.5,5.65,9,9.5,Lonnie Walker IV
2018,79.5,79.25,101.5,8.6,8.25,8.5,Kevin Huerter
2018,84,76.5,102,5.2,9,9.75,Josh Okogie
2018,79.25,76.5,97,5.55,8.25,10,Grayson Allen
2018,85,79,,,,,Chandler Hutchison
2018,79.5,72.75,97,6.4,8.75,8.5,Aaron Holiday
2018,81.25,75.25,99.5,7.7,8.75,9,Anfernee Simons
2018,84,83.5,108,6.75,9,10.75,Moritz Wagner
2018,78.75,77.25,100,4.85,8,9,Landry Shamet
2018,90,81,,,,,Robert Williams III
2018,81.25,77.5,102.5,6.5,9,9.25,Jacob Evans
2018,81,,,,,,Dzanan Musa
2018,86,81.25,107.5,13.75,9,9,Omari Spellman
2018,80,,,,,,Elie Okobo
2018,76.25,73.5,95,4.15,9.25,8.5,Jevon Carter
2018,76,74.25,96,6.7,8.25,9.25,Jalen Brunson
2018,78.25,73.5,96,4.8,8.5,9.5,Devonte' Graham
2018,85.75,78,105,7.9,9.5,9.5,Melvin Frazier Jr.
2018,88,,,,,,Mitchell Robinson
2018,80.75,77.75,98,7,8.5,9.5,Gary Trent Jr.
2018,82.5,75.75,101,6.4,8.75,9.25,Khyri Thomas
2018,84,,,,,,Isaac Bonga
2018,86,,,,,,Rodions Kurucs
2018,85,81,,,,,Jarred Vanderbilt
2018,81,77,98.5,3.75,8.5,8.5,Bruce Brown
2018,87,78.75,105,8.9,9,9.5,Justin Jackson
2018,77,,,,,,Issuf Sanon
2018,83.5,78,103,4.45,8.75,9,Hamidou Diallo
2018,80.5,75.25,99.5,5.2,8.5,9.5,De'Anthony Melton
2018,76.75,79.75,100,8.45,8.25,9.5,Svi Mykhailiuk
2018,87.25,80.5,106.5,5.35,9,8.5,Keita Bates-Diop
2018,84.5,81.5,108,5.05,9,9.25,Chimezie Metu
2018,80.75,80,103,8.1,8.5,9.75,Alize Johnson
2018,80.25,76.5,100,6.5,8.5,9.75,Tony Carr
2018,84,80,,,,,Vincent Edwards
2018,79.75,78,102,8.45,8.5,10,Devon Hall
2018,84.75,77.5,99.5,6.8,8.75,9.5,Shake Milton
2018,83,,,,,,Arnoldas Kulboka
2018,88.75,82.25,109,5.55,9.25,9,Ray Spalding
2018,87.5,79.75,107,5.15,9.25,10.25,Kevin Hervey
2018,84,85,109.5,10.9,9,10.5,Thomas Welsh
2018,83.5,78,101.5,7.25,9,10.25,George King
2018,86.25,82.5,110,5,9.25,9.5,Kostas Antetokounmpo
2017,81,76,,,,,Markelle Fultz
2017,81,78,,,,,Lonzo Ball
2017,83,80,,,,,Jayson Tatum
2017,82,80,,,,,Josh Jackson
2017,78.5,75.25,100,4.5,8.5,8.5,De'Aaron Fox
2017,85,82,,,,,Jonathan Isaac
2017,83,85,,,,,Lauri Markkanen
2017,85,,,,,,Frank Ntilikina
2017,75,75,,,,,Dennis Smith Jr.
2017,85,84,111,8.9,8.75,9.25,Zach Collins
2017,76,75,,,,,Malik Monk
2017,77.25,77.5,98.5,6.6,8,8.75,Luke Kennard
2017,82,75,97,5.9,8.5,9.5,Donovan Mitchell
2017,86.75,75.75,108,5.2,9.5,8.75,Bam Adebayo
2017,83,78.75,104.5,8.1,8.75,9.25,Justin Jackson
2017,87,83.25,111.5,7.8,8.75,9.75,Justin Patton
2017,87,82.5,109.5,6.4,9.25,10.25,D.J. Wilson
2017,83,81.75,107,6.8,8.5,9.5,TJ Leaf
2017,83.25,81.5,106.5,5.4,9,10,John Collins
2017,87.25,82.5,109.5,5.2,9.5,10.75,Harry Giles III
2017,80.75,79,103,5.8,8.5,10,Terrance Ferguson
2017,89.25,82.25,109.5,7.4,9.5,10.5,Jarrett Allen
2017,86.25,79.75,107.5,6.8,9.25,9.5,OG Anunoby
2017,84,81.5,107.5,13.6,8.75,8.75,Tyler Lydon
2017,87,,,,,,Anzejs Pasecniks
2017,87,80.5,108,,9.5,10.25,Caleb Swanigan
2017,84.25,81.5,107.5,9.4,8.5,9.5,Kyle Kuzma
2017,89,82.75,112.5,12,9.5,9.5,Tony Bradley
2017,79.5,76.5,101.5,6.2,8.25,8.5,Derrick White
2017,80.25,77,101,5.8,8.5,9.5,Josh Hart
2017,79.5,75.5,98,6.7,8.25,9,Frank Jackson
2017,84,77.5,102,6.5,9.25,9.5,Davon Reed
2017,85,78.75,105.5,4,8.75,9.5,Wes Iwundu
2017,75.25,72,94,4.3,8,9.25,Frank Mason
2017,85.5,82,109,6.8,8.75,9,Ivan Rabb
2017,87,82,,,,,Jonah Bolden
2017,81.75,78.75,102,5.5,8.75,9.5,Semi Ojeleye
2017,83.75,80.5,104.5,5.4,9.25,9.5,Jordan Bell
2017,77.5,71.5,95,9.1,8,7.75,Jawun Evans
2017,82,78.25,103.5,7.9,8.75,10,Dwayne Bacon
2017,77.25,76.5,99.5,4.7,8.5,9.25,Tyler Dorsey
2017,90,82.75,112.5,9.4,9.5,10.25,Thomas Bryant
2017,86,,,,,,Isaiah Hartenstein
2017,81,77.5,100,5.3,8.5,9.25,Damyean Dotson
2017,78,78,100.5,7.5,8.25,9.25,Dillon Brooks
2017,82,76,,,,,Sterling Brown
2017,90.25,81.75,110.5,5.4,9.5,10,Ike Anigbogu
2017,82,76.75,103,7.8,8.75,8.75,Sindarius Thornwell
2017,83,,,,,,Vlatko Cancar
2017,85,,,,,,Mathias Lessort
2017,76,74.5,96.5,6.9,8.25,8.75,Monte Morris
2017,81,77.75,102.5,8.3,8.25,9,Edmond Sumner
2017,81.25,74.25,99.5,6.4,8.5,8.75,Kadeem Allen
2017,82.75,80.75,105,8.8,8.75,10,Alec Peters
2017,79.25,75,99,5.6,8.75,9.25,Nigel Williams-Goss
2017,79,78,,,,,Jabari Bird
2017,88,,,,,,Aleksandar Vezenkov
2017,78,,,,,,Ognen Jaramaz
2017,82,78.75,104.5,5.7,8.75,10.25,Jaron Blossomgame
2017,89,,,,,,Alpha Kaba
2016,84,82,,,,,Ben Simmons
2016,87,81,,,,,Brandon Ingram
2016,83.75,78.75,102.5,5.05,8.75,9,Jaylen Brown
2016,86,,,,,,Dragan Bender
2016,81.5,76.25,100,,,,Kris Dunn
2016,81.25,77,101,6.1,8.5,9,Buddy Hield
2016,78,77,,,,,Jamal Murray
2016,84.25,82,105,8.5,9,9,Marquese Chriss
2016,86.75,85,111.5,5.8,9.25,10.25,Jakob Poeltl
2016,87,84.75,110.5,6.05,8.75,9.5,Thon Maker
2016,83,82,,,,,Domantas Sabonis
2016,83.5,79.75,102,6.45,9,8.5,Taurean Prince
2016,90,,,,,,Georgios Papagiannis
2016,82.75,77.75,102,9.2,8.5,9.75,Denzel Valentine
2016,84,,,,,,Juancho Hernangomez
2016,85,,,,,,Guerschon Yabusele
2016,83.25,76,100,5.2,9,9.75,Wade Baldwin IV
2016,86.25,83.5,108,11.2,8.5,9.75,Henry Ellenson
2016,79,76.5,100.5,6.9,8.5,9,Malik Beasley
2016,82,79,101,7.55,8.5,9.25,Caris LeVert
2016,81.25,77.75,101,7,8,9.25,DeAndre' Bembry
2016,84,78.25,101.5,7,8.75,10,Malachi Richardson
2016,87,,,,,,Ante Zizic
2016,86,,,,,,Timothe Luwawu-Cabarrot
2016,84.5,82.5,106.5,7.5,9,8.25,Brice Johnson
2016,84,,,,,,Furkan Korkmaz
2016,87.25,81.5,107.5,5.2,9.25,10,Pascal Siakam
2016,86.5,83.75,105.5,5.7,8.75,9,Skal Labissiere
2016,82,77,,,,,Dejounte Murray
2016,87.75,83.5,107,6.55,8.75,10.5,Damian Jones
2016,86.5,82.5,108.5,9.7,9,9.25,Deyonta Davis
2016,88,,,,,,Ivica Zubac
2016,88.5,81,107.5,5.6,8.5,9.75,Cheick Diallo
2016,74,70,88.5,5.2,7.5,7.5,Tyler Ulis
2016,81,,,,,,Rade Zagorac
2016,82.5,77.5,98,5.4,9,10.25,Malcolm Brogdon
2016,86.75,82,108.5,8.55,9,8,Chinanu Onuaku
2016,82,78.75,100.5,4.7,8.75,8.75,Patrick McCaw
2016,77,,,,,,David Michineau
2016,86.75,82.25,108.5,12.85,8.5,7.75,Diamond Stone
2016,87.25,83.75,108.5,11.15,9,9,Stephen Zimmerman
2016,80.75,76.5,100,9.25,8.5,8.75,Isaiah Whitehead
2016,91.75,86.25,112.5,4.85,9.25,9.5,Zhou Qi
2016,79,,,,,,Isaia Cordinier
2016,77.5,73.25,93,6.5,8.25,9,Demetrius Jackson
2016,87,84,,,,,AJ Hammons
2016,81.25,81.25,102,7.1,8.25,9.25,Jake Layman
2016,83,,,,,,Paul Zipser
2016,79.5,78.75,101,5.4,8,9,Michael Gbinije
2016,82,80.5,103,10.05,9.25,9.25,Georges Niang
2016,85.5,80.25,105,9.7,9.5,10,Ben Bentil
2016,85.75,81,103.5,5.15,9,10.25,Joel Bolomboy
2016,85,,,,,,Petr Cornelie
2016,74.5,69.5,88.5,5.8,8.25,8.5,Kay Felder
2016,78.25,73.75,97,4.3,7.75,8.75,Marcus Paige
2016,81,80,103.5,5.95,9,8.5,Daniel Hamilton
2016,83,,,,,,Wang Zhelin
2016,85,78,,,,,Abdel Nader
2016,78.25,76.5,98.5,4.8,8.25,8.75,Isaiah Cousins
2016,82,77,,,,,Tyrone Wallace
2015,88,83,,,,,Karl-Anthony Towns
2015,81.75,77,102,8.3,8.75,9.75,D'Angelo Russell
2015,89,83,,,,,Jahlil Okafor
2015,90,,,,,,Kristaps Porzingis
2015,82,,,,,,Mario Hezonja
2015,87,84.5,111,6.3,9.5,9,Willie Cauley-Stein
2015,81,,,,,,Emmanuel Mudiay
2015,83.5,78.5,102,7.5,9,9,Stanley Johnson
2015,83,84.75,109.5,9.4,8.5,9.5,Frank Kaminsky
2015,82.25,78.5,104.5,5.3,8.5,9.25,Justise Winslow
2015,88,83.5,112,9.3,9.25,9.25,Myles Turner
2015,85.5,82.25,108,12.1,9.25,10.25,Trey Lyles
2015,80.25,77.75,102.5,8.3,8.75,9,Devin Booker
2015,79.25,73.5,97.5,6.3,8.5,8.25,Cameron Payne
2015,86.25,78.75,102.5,5.7,9,8.75,Kelly Oubre Jr.
2015,80.25,74.25,98.5,5.6,8.25,8.5,Terry Rozier
2015,79,77,101,6.2,8,8.5,Rashad Vaughn
2015,83.5,81,106,7.5,8.5,9.25,Sam Dekker
2015,79.5,76.25,100,5.6,8.25,8.5,Jerian Grant
2015,79.5,77.5,101.5,6.6,8,8.5,Delon Wright
2015,83.75,78.25,101,5,8.5,9.5,Justin Anderson
2015,86,82.5,108.5,8.9,9.5,9.25,Bobby Portis
2015,86,79,104,5,8.75,9.75,Rondae Hollis-Jefferson
2015,77,74,97,6.5,8.25,8.75,Tyus Jones
2015,81,81.25,106.5,10.1,8.25,9.5,Jarell Martin
2015,87,,,,,,Nikola Milutinov
2015,85,82,,,,,Larry Nance Jr.
2015,82.5,78,104,6,8.5,8.25,RJ Hunter
2015,87.25,81,109,6.2,8.75,8.75,Chris McCullough
2015,87.5,81.25,110,11.9,9.5,9.25,Kevon Looney
2015,83,,,,,,Cedi Osman
2015,88.25,79.5,109,11.9,9,9.75,Montrezl Harrell
2015,87.25,80.25,106,7.2,8.75,9.5,Jordan Mickey
2015,83,79.25,104.5,6.1,8.5,9,Anthony Brown
2015,85,,,,,,Willy Hernangomez
2015,89.25,81.75,110.5,9.6,9.25,9,Rakeem Christmas
2015,85.5,81.5,108,8.8,8.5,8.5,Richaun Holmes
2015,80,78,,,,,Darrun Hilliard
2015,84,,,,,,Juan Pablo Vaulet
2015,82,78,,,,,Josh Richardson
2015,80,77.25,96,10.2,8.5,9.25,Pat Connaughton
2015,78,76.25,100,4.3,8,8.75,Olivier Hanlan
2015,77,73,,,,,Joe Young
2015,81,77.5,100,5.9,8.25,9.25,Andrew Harrison
2015,79.75,74.75,97.5,5.3,8.25,8.5,Marcus Thornton
2015,82.75,76.25,102.5,6.4,9.25,9,Norman Powell
2015,87,,,,,,Arturas Gudaitis
2015,86,83.75,112,14.9,9.25,10.5,Dakari Johnson
2015,84,81,,,,,Aaron White
2015,81,,,,,,Marcus Eriksson
2015,77.5,76,98.5,9.2,7.75,8.75,Tyler Harvey
2015,87,,,,,,Satnam Singh
2015,80,78,,,,,Sir'Dominic Pointer
2015,78,,,,,,Daniel Diez
2015,89,81,,,,,Cady Lalanne
2015,83,78.75,105,5.8,9,8.75,Branden Dawson
2015,,,,,,,Nikola Radicevic
2015,82,78.25,100.5,4.1,8,8.75,JP Tokoto
2015,,,,,,,Dimitrios Agravanis
2015,,,,,,,Luka Mitrovic
2014,84,80,,,,,Andrew Wiggins
2014,84,80,,,,,Jabari Parker
2014,90,85,,,,,Joel Embiid
2014,83.75,80.75,105,5.05,8.75,10.5,Aaron Gordon
2014,81.5,78,103,6.4,8.5,9.5,Dante Exum
2014,81.25,75.25,99,10.55,9,8.75,Marcus Smart
2014,84,81,105.5,9.4,8.75,8.25,Julius Randle
2014,79.75,78.5,102,12.05,8.5,8.5,Nik Stauskas
2014,88.25,81.5,108,7.3,9.75,11.75,Noah Vonleh
2014,80,75.75,98.5,5.65,8.75,9,Elfrid Payton
2014,81.25,79.75,103,7.1,8.75,9.75,Doug McDermott
2014,82,,,,,,Dario Saric
2014,80.25,77.75,100,4.7,8.25,8.75,Zach LaVine
2014,82.25,80.25,104,7.95,8.75,9,T.J. Warren
2014,88,81.75,109,7.55,9.25,9.5,Adreian Payne
2014,86,,,,,,Jusuf Nurkic
2014,84,78.75,104,5.1,9,9.5,James Young
2014,79.25,74.5,98,6.2,8.25,8.75,Tyler Ennis
2014,78.75,76.5,96,4.55,8.5,9.5,Gary Harris
2014,91,,,,,,Bruno Caboclo
2014,84,82,,,,,Mitch McGary
2014,82,76.75,102,10.8,8.5,7.5,Jordan Adams
2014,80.5,80.5,103,7.45,8.5,8.5,Rodney Hood
2014,75.25,73,93,7.35,8.25,8.5,Shabazz Napier
2014,89,,,,,,Clint Capela
2014,81,77.25,101,8.2,8.75,9.75,PJ Hairston
2014,83,,,,,,Bogdan Bogdanovic
2014,81.75,77,100.5,6.5,8.75,9,C.J. Wilcox
2014,85,79,,,,,Josh Huestis
2014,86.75,80.5,107.5,13.35,8.25,8.75,Kyle Anderson
2014,87,,,,,,Damien Inglis
2014,83.25,78,102,4.45,8.75,9.75,KJ McDaniels
2014,78,78.25,100,6.2,8.5,9.75,Joe Harris
2014,82.75,79.25,101.5,4.45,8.5,9,Cleanthony Early
2014,85.25,80.5,103.5,8.2,9.75,10.5,Jarnell Stokes
2014,86.25,80.5,105,10.75,9.25,9.5,Johnny O'Bryant III
2014,86,80.5,106.5,3.85,9.25,10.5,DeAndre Daniels
2014,80.25,78,103,5.35,8.25,9,Spencer Dinwiddie
2014,86.75,79.75,107,3.75,9.25,9.25,Jerami Grant
2014,82,78.75,100.5,5.05,9,9.5,Glenn Robinson III
2014,87,,,,,,Nikola Jokic
2014,79.25,75,96.5,6.05,8.75,9.75,Nick Johnson
2014,93,,,,,,Edy Tavares
2014,80.75,75.5,100,4.2,8.25,9.75,Markel Brown
2014,84.5,83,105,6.2,9,9.25,Dwight Powell
2014,80,77,98,4.3,8.25,9,Jordan Clarkson
2014,75.5,72.75,95,3.5,8.25,8.5,Russ Smith
2014,83,77.25,101,10.75,9,9.25,Lamar Patterson
2014,84.75,81.75,107,8.7,8.75,9,Cameron Bairstow
2014,85.5,85.25,109,7.7,9.25,8.75,Alec Brown
2014,84,78.25,104.5,6.05,9,9.75,Thanasis Antetokounmpo
2014,79,,,,,,Vasilije Micic
2014,87,,,,,,Alessandro Gentile
2014,80,,,,,,Nemanja Dangubic
2014,78.5,75.25,99,5.25,8.5,8.25,Semaj Christon
2014,81,78.5,102,6.9,8.25,8.5,Devyn Marble
2014,82.75,,,,,,Louis Labeyrie
2014,84.5,77.25,104,5.2,8.75,8.5,Jordan McRae
2014,76,75.5,96,6.4,8.25,9,Xavier Thames
2014,84.5,81,105,5.25,8.75,9.75,Cory Jefferson
2013,86,80,,,,,Anthony Bennett
2013,81.25,76.25,100.5,6.55,8.75,9.25,Victor Oladipo
2013,85.5,80.5,105.5,6.65,8.75,9.25,Otto Porter Jr.
2013,82.75,84.25,106,4.75,8.5,10.5,Cody Zeller
2013,87.5,85,,6.4,9,10.75,Alex Len
2013,87.75,83.75,110,4.15,9.5,10,Nerlens Noel
2013,79.75,76.75,100.5,5,8.75,9.5,Ben McLemore
2013,80,77.5,100.5,6.45,8.5,9,Kentavious Caldwell-Pope
2013,77.5,73.25,97.5,6.9,8.25,8.75,Trey Burke
2013,78.25,75.25,96.5,8.6,8,9.5,CJ McCollum
2013,79.25,77.75,101,4.4,7.5,8.5,Michael Carter-Williams
2013,88.5,84,109.5,6.65,9.5,11,Steven Adams
2013,81.75,84,108,6.65,8.5,10,Kelly Olynyk
2013,83,78.25,104.5,9,9,10,Shabazz Muhammad
2013,87,,,,,,Giannis Antetokounmpo
2013,90,,,,,,Lucas Nogueira
2013,79.75,74,98,4.1,8.75,10.5,Dennis Schroder
2013,70.75,71.5,89.5,3.8,7.5,8.75,Shane Larkin
2013,81,,,,,,Sergey Karasev
2013,83.5,79.25,105.5,4.85,9,9.5,Tony Snell
2013,87.5,82.75,111.5,5.35,9,10,Gorgui Dieng
2013,83,84.5,108,6.15,9.75,9.5,Mason Plumlee
2013,81,79,103,7.6,9,10.5,Solomon Hill
2013,79,78.25,101,6.05,8,9.25,Tim Hardaway Jr.
2013,80.75,79,102,6.95,8.5,9,Reggie Bullock
2013,83,79,104.5,7.05,8.75,9.5,Andre Roberson
2013,92.5,86,115,4.4,9.75,10,Rudy Gobert
2013,86,,,,,,Livio Jean-Charles
2013,81.5,77.25,102,4.55,8.5,9,Archie Goodwin
2013,77,,,,,,Nemanja Nedovic
2013,83.25,78.25,103.5,4.65,8.25,8.5,Allen Crabbe
2013,,,,,,,Alex Abrines
2013,81.25,78.25,103.5,3.3,8.5,9.5,Carrick Felix
2013,76.5,72,94.5,5.9,8.25,9.5,Isaiah Canaan
2013,81.25,77.75,101.5,8.45,8.5,9,Glen Rice
2013,75.25,73.75,96.5,7.3,8,8.75,Ray McCallum
2013,86.5,80.75,106.5,5.55,9,10,Tony Mitchell
2013,75.75,76.75,98,5.5,8.25,8.75,Nate Wolters
2013,86,84.5,110.5,8.65,9,9.75,Jeff Withey
2013,86,82.25,109,10.05,8.5,9.25,Grant Jerrett
2013,83.25,77.25,103.5,8.25,8.5,8.25,Jamaal Franklin
2013,70,70.5,90,4.5,7.5,8.25,Pierre Jackson
2013,79.25,78,102.5,10.25,8.5,9.25,Ricky Ledo
2013,85,83.5,108,6.8,8.5,9,Mike Muscala
2013,86,,,,,,Marko Todorovic
2013,77.75,75,98,4.35,8.5,9,Erick Green
2013,74,,,,,,Raul Neto
2013,83.5,83.75,110,14.75,9,10,Ryan Kelly
2013,82.5,81.5,108,7.95,8.75,9.75,Erik Murphy
2013,83.5,79,104.5,4.5,8.5,8.75,James Ennis III
2013,,79,,,,,Romero Osby
2013,79,77.25,100,3.95,8.25,8.5,Lorenzo Brown
2013,86,84,110,9.6,9.25,9.5,Colton Iverson
2013,84,79,,,,,Arsalan Kazemi
2013,81,,,,,,Joffrey Lauvergne
2013,75,73,93,6.05,8,9.75,Peyton Siva
2013,87,81,,,,,Alex Oriakhi
2013,82,79,104,9.1,8,8.75,Deshaun Thomas
2013,85,,,,,,Bojan Dubljevic
2013,79,,,,,,Janis Timma
2012,89.5,82.5,108,7.9,9,8.5,Anthony Davis
2012,84,79.5,104.5,7,9,10.25,Michael Kidd-Gilchrist
2012,80,76.75,100,6,8.5,9,Bradley Beal
2012,79.25,76,98,8.5,8.5,9.5,Dion Waiters
2012,87.25,80.75,106,5,9.75,10.5,Thomas Robinson
2012,79.75,74.75,95.5,5.9,8.75,9.75,Damian Lillard
2012,83.25,80,101.5,9.6,9,8.5,Harrison Barnes
2012,79.25,79,100.5,3.2,8.75,10.25,Terrence Ross
2012,90.25,83.75,109.5,7.5,9.5,9.5,Andre Drummond
2012,79.25,77,96.5,6.2,8.5,10,Austin Rivers
2012,87,85.25,108,5.7,9.25,11,Meyers Leonard
2012,83,77.25,102,4.5,8.75,9.25,Jeremy Lamb
2012,77.5,76.25,96,7.8,8.5,9,Kendall Marshall
2012,89,82.5,112,8.6,9.25,10,John Henson
2012,84,80.75,102.5,5.3,9.25,10.25,Maurice Harkless
2012,84,80,104.5,10.6,9.5,11.5,Royce White
2012,84,84.5,104.5,6.4,9,9.75,Tyler Zeller
2012,86.25,81.5,107,7.7,9,10,Terrence Jones
2012,88,81.5,107,7.6,10,10.75,Andrew Nicholson
2012,80,,,,,,Evan Fournier
2012,85.25,81,105.5,10.7,9.25,9.75,Jared Sullinger
2012,86.5,84,110,9.2,9,10,Fab Melo
2012,80.5,76.25,98,7.1,9,9,John Jenkins
2012,78.5,77,98,3.6,8.25,9,Jared Cunningham
2012,81,78,101,5.2,8,9,Tony Wroten
2012,84.75,83.75,105.5,11.4,9.25,9,Miles Plumlee
2012,86.25,82.75,106.5,7.7,9.25,9.25,Arnett Moultrie
2012,85.75,83.25,107,4.6,9.25,9.5,Perry Jones III
2012,79.25,74,96.5,6.3,8.25,7.75,Marquis Teague
2012,89.75,83.5,108,5.5,9,10.75,Festus Ezeli
2012,78.25,79.25,101.5,4.2,8.25,9.75,Jeffery Taylor
2012,79.25,79.5,100,5.2,8.5,9.5,Tomas Satoransky
2012,87,82,108.5,5,9,9.25,Bernard James
2012,81.25,78.5,99.5,9,9.5,10.5,Jae Crowder
2012,85.25,79.5,105,11.3,9,9.5,Draymond Green
2012,83.25,77.25,99,7,9,9.5,Orlando Johnson
2012,86.75,79.75,106.5,7.1,9.5,11,Quincy Acy
2012,85.25,82,105,7.8,9.25,10.25,Quincy Miller
2012,82.75,80.25,103,7.8,9,9,Khris Middleton
2012,81.75,78,102.5,4.1,9,9.5,Will Barton
2012,78.25,76,97.5,4.2,8.75,8.75,Tyshawn Taylor
2012,78.75,76.75,98.5,6.7,8.5,8.75,Doron Lamb
2012,82.75,80.75,104,10.6,8.5,9,Mike Scott
2012,78.5,77.75,98,4.3,8.5,8.75,Kim English
2012,83,75,,,,,Justin Hamilton
2012,81,79.5,101,7.5,8.5,8.75,Darius Miller
2012,78.75,78.25,99,5.8,8.5,8.5,Kevin Murphy
2012,81,,,,,,Kostas Papanikolaou
2012,88.75,82,106.5,8,9.5,10,Kyle O'Quinn
2012,,,,,,,Izzet Turkyilmaz
2012,83,79,104,8.6,9,9,Kris Joseph
2012,,,,,,,Ognjen Kuzmic
2012,,,,,,,Furkan Aldemir
2012,,81,,,,,Tornike Shengelia
2012,79,75,96,7,8.75,8.75,Darius Johnson-Odom
2012,,,,,,,Tomislav Zubcic
2012,,,,,,,Ilkan Karaman
2012,80.5,80.5,102,9.4,8.5,9.5,Robbie Hummel
2012,77,75.25,94.5,6.6,8.25,9.75,Marcus Denmon
2012,,85,,,,,Robert Sacre
2011,76,75.5,99,10.2,8.25,9.25,Kyrie Irving
2011,85.5,80.75,108,10.8,9,9.75,Derrick Williams
2011,85.5,83.25,109.5,5.9,9.5,10.75,Enes Kanter
2011,85.25,80.75,108.5,6.2,8.75,9.25,Tristan Thompson
2011,90,,,,,,Jonas Valanciunas
2011,83,,,,,,Jan Vesely
2011,90,,,,,,Bismack Biyombo
2011,78.75,75.25,98.5,4.2,8.25,9.5,Brandon Knight
2011,75.5,73,91.5,5.9,8,9,Kemba Walker
2011,76,74,,,,,Jimmer Fredette
2011,81,79.25,103.5,8,8.75,9.25,Klay Thompson
2011,82,78,103.5,5.1,9,8.25,Alec Burks
2011,82.75,81.25,106.5,10.2,8.5,8.25,Markieff Morris
2011,82,80.75,105.5,8,8.25,8.5,Marcus Morris Sr.
2011,87,79,106,5.4,9.75,11.25,Kawhi Leonard
2011,88.5,83.75,112.5,6.1,9.25,10.25,Nikola Vucevic
2011,81.5,77.5,99.5,6.5,9,9,Iman Shumpert
2011,85,81,103.5,7.4,9.25,10,Chris Singleton
2011,83,79.75,103.5,8.4,8.75,9,Tobias Harris
2011,83,,,,,,Donatas Motiejunas
2011,77.5,75.5,99,5.6,8.5,9.25,Nolan Smith
2011,84,79.5,108,6.3,8.5,10.25,Kenneth Faried
2011,84,,,,,,Nikola Mirotic
2011,84,75,,,,,Reggie Jackson
2011,85,77.25,101,5.2,9,10.5,MarShon Brooks
2011,81.5,80.5,104,9.8,9,9.25,Jordan Hamilton
2011,86,82,107.5,7.5,9,10,JaJuan Johnson
2011,74.25,73.75,95.5,4.7,8.5,9.5,Norris Cole
2011,77.5,75.25,99,9.7,8.5,10.5,Cory Joseph
2011,79.5,79.75,101.5,5.4,9,9,Jimmy Butler
2011,83,,,,,,Bojan Bogdanovic
2011,83.75,80.75,106,4,9,9.25,Justin Harper
2011,82.1,80.5,106,10,8.25,8.75,Kyle Singler
2011,79.5,74.5,96.5,7.1,8.25,9.25,Shelvin Mack
2011,81,80.25,105,5.3,8.5,9.5,Tyler Honeycutt
2011,84.25,81,106.5,12.1,9.25,10,Jordan Williams
2011,85,81.75,107.5,15.5,9.25,9.75,Trey Thompkins
2011,81.5,81.75,104.5,7,8.25,10,Chandler Parsons
2011,89,82.5,110.5,13.4,9.25,9,Jeremy Tyler
2011,84,83.5,105.5,5.4,8.75,9.75,Jon Leuer
2011,79.5,77.25,102,5.3,8.75,10,Darius Morris
2011,82,,,,,,Davis Bertans
2011,81.75,77.5,101.5,5.9,8.5,9.5,Malcolm Lee
2011,79.5,75.25,96.5,4.3,8.5,9,Charles Jenkins
2011,86,82,,,,,Josh Harrellson
2011,76.25,74.75,96.5,9.9,8.25,9.25,Andrew Goudelock
2011,82.5,76.25,103,8.1,8.75,9.25,Travis Leslie
2011,87.75,83,109.5,6.1,9.5,11,Keith Benson
2011,77.25,75,98,7.9,8.5,9,Josh Selby
2011,87,81,,,,,Lavoy Allen
2011,78,78.5,99,8.5,8.25,8.25,Jon Diebler
2011,,81,,,,,Vernon Macklin
2011,83,78.25,103.5,5,8.75,10,DeAndre Liggins
2011,81,,,,,,MIlan Macvan
2011,81.5,76,99.5,7.6,9,10,E'Twaun Moore
2011,,,,,,,Chukwudiebere Maduabum
2011,,,,,,,Tanguy Ngombo
2011,,,,,,,Ater Majok
2011,,,,,,,Adam Hanga
2011,73.75,70.25,91.5,6.7,8.25,9,Isaiah Thomas
2010,81.25,76,101.5,5.6,8.25,9.5,John Wall
2010,80,79,103.5,8.6,8.75,9.5,Evan Turner
2010,88,82.25,110,6.5,8.75,9.25,Derrick Favors
2010,85,79.25,106,4.6,9,9.5,Wesley Johnson
2010,89.75,82.75,113,16.4,9.25,10,DeMarcus Cousins
2010,88.5,81.75,106.5,8,9.5,8.75,Ekpe Udoh
2010,86.25,83,108.5,11.2,8.75,9.5,Greg Monroe
2010,87.25,80.5,108.5,8.2,9.5,9.5,Al-Farouq Aminu
2010,79.75,80,103,6.9,8.5,9.25,Gordon Hayward
2010,83.25,80.75,107,5,8.5,9,Paul George
2010,88.75,83.25,111.5,8.5,9,9.25,Cole Aldrich
2010,83.25,78.5,105,4.7,8.75,10,Xavier Henry
2010,84,81.75,108,10,9.25,10,Ed Davis
2010,85.25,81.25,107,5.3,9.25,10.25,Patrick Patterson
2010,89.75,82.5,112,4.6,9.75,11,Larry Sanders
2010,83.25,80.75,104.5,5.6,8.5,10,Luke Babbitt
2010,87,,,,,,Kevin Seraphin
2010,79.5,73.5,98,5.6,8.5,9.75,Eric Bledsoe
2010,79.25,75.25,98.5,4,8.25,9.5,Avery Bradley
2010,80.5,77.75,104,7.9,8.5,7.25,James Anderson
2010,84,81.75,109,7.9,9.5,11.25,Craig Brackins
2010,,76,,,,,Elliot Williams
2010,81.75,79.5,106,7.3,9,9.5,Trevor Booker
2010,84.75,79.75,107,9.6,9.25,8.5,Damion James
2010,81.25,77,101,5.9,9,10.25,Dominique Jones
2010,84,79,,,,,Quincy Pondexter
2010,79,76.5,101,4.9,8,9,Jordan Crawford
2010,79,78.5,101,8.6,7.75,9.25,Greivis Vasquez
2010,88.25,81.5,110.5,13.8,8.5,9.75,Daniel Orton
2010,84.75,77.75,102,7.5,9.25,9.5,Lazar Hayward
2010,93,,,,,,Tibor Pleiss
2010,90,83.5,111,20.8,10.25,10.5,Dexter Pittman
2010,91,83.5,113,5.5,8.25,10.25,Hassan Whiteside
2010,80,75.25,99.5,5.6,8.25,9.25,Armon Johnson
2010,84,,,,,,Nemanja Bjelica
2010,81,77,101,3.7,9,10.5,Terrico White
2010,81.25,78.5,104.5,6.2,8.25,9,Darington Hobson
2010,79,77,100,6.2,8,9.75,Andy Rautins
2010,,79,,,,,Landry Fields
2010,82.5,77.75,103,9.3,9,10.25,Lance Stephenson
2010,88,81,109.5,9.5,9.25,9.5,Jarvis Varnado
2010,,,,,,,Da'Sean Butler
2010,84.25,80.25,107.5,7.9,8.25,9,Devin Ebanks
2010,89.25,85,113,6.9,9,10.25,Jerome Jordan
2010,87,,,,,,Paulao Prestes
2010,84,81,107.5,6.3,8.5,10,Gani Lawal
2010,89,,,,,,Tiny Gallon
2010,80,,,,,,Latavious Williams
2010,85.5,83,110,8,9,9.75,Ryan Richards
2010,89,84.75,113,5,9.25,9.25,Solomon Alabi
2010,,,,,,,Magnum Rolle
2010,81.5,79.75,106,11.1,8.75,9.75,Luke Harangody
2010,,,,,,,Pape Sy
2010,78,75.75,99.5,7.6,8.5,9.5,Willie Warren
2010,90,81,,,,,Jeremy Evans
2010,,,,,,,Hamady Ndiaye
2010,,80,,,,,Ryan Reid
2010,84.25,81.5,107.5,12.8,9,10.25,Derrick Caracter
2010,84,79.75,107.5,8.3,9,9,Stanley Robinson
2010,,,,,,,Dwayne Collins
2009,83.25,82,105,8.2,,,Blake Griffin
2009,90.25,86.5,113,6.7,,,Hasheem Thabeet
2009,82.75,77.25,103.5,10.1,,,James Harden
2009,83.25,77.25,104,7.1,,,Tyreke Evans
2009,81,,,,,,Ricky Rubio
2009,76,72.75,95.5,6.3,,,Jonny Flynn
2009,75.5,75.25,97,5.7,,,Stephen Curry
2009,85.5,82.25,108,6,,,Jordan Hill
2009,81,78.5,102.5,4.9,,,DeMar DeRozan
2009,79,78,,,,,Brandon Jennings
2009,81,78.25,103.5,5.1,,,Terrence Williams
2009,82.25,77,102.5,4.4,,,Gerald Henderson
2009,83.5,81.5,106,8.5,,,Tyler Hansbrough
2009,86.5,82.25,109.5,5.2,,,Earl Clark
2009,86.75,82.75,110,5.5,,,Austin Daye
2009,84.75,79.75,105.5,12,,,James Johnson
2009,79,76.25,100.5,6.3,,,Jrue Holiday
2009,72.75,72.5,94.5,6.6,,,Ty Lawson
2009,79.5,73.5,98.5,4.5,,,Jeff Teague
2009,74.5,75.25,97,5.4,,,Eric Maynor
2009,75,73.5,96.5,5.7,,,Darren Collison
2009,81,,,,,,Victor Claver
2009,81.25,81.25,106.5,8.6,,,Omri Casspi
2009,85.5,85.25,111,8.5,,,Byron Mullens
2009,81.75,74.25,100,7.9,,,Rodrigue Beaubois
2009,88,81.75,109,6.6,,,Taj Gibson
2009,82,79.75,105,6.3,,,DeMarre Carroll
2009,78.5,77.25,100,5.5,,,Wayne Ellington
2009,78,74,97.5,5.2,,,Toney Douglas
2009,84,,,,,,Christian Eyenga
2009,85,82,107,5.5,,,Jeff Ayres
2009,80.75,76.75,101,5.8,,,Jermaine Taylor
2009,83,80.25,106.5,4.8,,,Dante Cunningham
2009,,,,,,,Sergio Llull
2009,84.75,80.5,106.5,6.6,,,DaJuan Summers
2009,82.75,78.75,105.5,4.9,,,Sam Young
2009,86,78.5,106.5,12,,,DeJuan Blair
2009,,79,,,,,Jon Brockman
2009,,,,,,,Jonas Jerebko
2009,86.5,80.5,107.5,8.6,,,Derrick Brown
2009,76.5,76,98,8,,,Jodie Meeks
2009,79,73,,,,,Patrick Beverley
2009,77,76,99,4.8,,,Marcus Thornton (LSU)
2009,79,79,101,10,,,Chase Budinger
2009,,78,,,,,Nick Calathes
2009,82,78.5,103,5.6,,,Danny Green
2009,,,,,,,Henk Norel
2009,,79,,,,,Taylor Griffin
2009,,,,,,,Sergiy Gladyr
2009,,,,,,,Goran Suton
2009,74.5,72,96,6.2,,,Jack McClinton
2009,75.75,74,97,12.4,,,AJ Price
2009,,,,,,,Nando De Colo
2009,80,77,101,6.2,,,Robert Vaden
2009,74,72.5,95,6.9,,,Patty Mills
2009,,,,,,,Ahmad Nivins
2009,,,,,,,Emir Preldzic
2009,80.75,75,98.5,3.4,,,Lester Hudson
2009,,,,,,,Chinemelu Elonu
2009,,,,,,,Robert Dozier
2008,80,74.5,98.5,4.6,,,Derrick Rose
2008,84.25,80.25,107,7.7,,,Michael Beasley
2008,78,76.25,99.5,6.3,,,O.J. Mayo
2008,79.75,75.5,100,4.8,,,Russell Westbrook
2008,83.25,81.5,106,12.9,,,Kevin Love
2008,85,,,,,,Danilo Gallinari
2008,81,75.25,99,8.2,,,Eric Gordon
2008,83.5,80.25,106,5.8,,,Joe Alexander
2008,75.5,71.5,94.5,8.1,,,D.J. Augustin
2008,89.5,84.5,113,6.3,,,Brook Lopez
2008,75.5,75,97,4.7,,,Jerryd Bayless
2008,84,83,,,,,Jason Thompson
2008,83.25,78,104.5,,,,Brandon Rush
2008,87,82.25,109,4.7,,,Anthony Randolph
2008,90,85,,,,,Robin Lopez
2008,91,82,,,,,Marreese Speights
2008,88,86,,,,,Roy Hibbert
2008,90,84,114.5,5.3,,,JaVale McGee
2008,,,,,,,JJ Hickson
2008,93,,,,,,Alexis Ajinca
2008,81,81,,,,,Ryan Anderson
2008,79,77,,,,,Courtney Lee
2008,89,85,,,,,Kosta Koufos
2008,87,,,,,,Serge Ibaka
2008,84,,,,,,Nicolas Batum
2008,81,74.5,97.5,3,,,George Hill
2008,82.75,80.5,107,7.3,,,Darrell Arthur
2008,82,81,108,7.6,,,Donte Greene
2008,,,,,,,DJ White
2008,83.25,76.75,103,5.4,,,J.R. Giddens
2008,87,,,,,,Nikola Pekovic
2008,,81,,,,,Walter Sharpe
2008,85.75,79.25,107,9,,,Joey Dorsey
2008,80,73,,,,,Mario Chalmers
2008,90,83,113.5,7.5,,,DeAndre Jordan
2008,86,,,,,,Omer Asik
2008,86.5,79.5,103.5,7,,,Luc Mbah a Moute
2008,,78,,,,,Kyle Weaver
2008,82,77.5,104,4.4,,,Sonny Weems
2008,79,79,,,,,Chris Douglas-Roberts
2008,89,,,,,,Nathan Jawai
2008,76.5,72,95,4.2,,,Sean Singletary
2008,84.25,79.25,97.5,9.4,,,Patrick Ewing
2008,,,,,,,Ante Tomic
2008,79,,,,,,Goran Dragic
2008,82.5,83,105.5,11,,,Trent Plaisted
2008,,,,,,,Henry Walker
2008,81,77.25,103.5,6.9,,,Malik Hairston
2008,87,80.75,108,9.2,,,Richard Hendrix
2008,87,82.75,109.5,5.8,,,DeVon Hardin
2008,83.5,78,103.5,6.3,,,Shan Foster
2008,83.25,79.75,106.5,12.5,,,Darnell Jackson
2008,,,,,,,Tadija Dragicevic
2008,80,,102.5,8.9,,,Maarty Leunen
2008,79.25,74,98,3.8,,,Mike Taylor
2008,88,83,110,9.6,,,Sasha Kaun
2008,88,81,107.5,4.8,,,James Gist
2008,77.75,77,99.5,7.6,,,Joe Crawford
2008,81,78.25,102.5,7.2,,,Deron Washington
2008,,,,,,,Semih Erden
2007,88.25,84,112,7.8,,,Greg Oden
2007,88.75,82.25,110,6.6,,,Kevin Durant
2007,84.75,81.75,107,9.1,,,Al Horford
2007,77.75,72.75,94.5,4.2,,,Mike Conley
2007,85.25,81.5,103,3.7,,,Jeff Green
2007,87.5,,,,,,Yi Jianlian
2007,80.25,79.75,103,4.2,,,Corey Brewer
2007,87.75,82,108.5,5.8,,,Brandan Wright
2007,85.25,84,106.5,4.8,,,Joakim Noah
2007,84.5,84.75,110,13,,,Spencer Hawes
2007,78.5,75.5,98,5.6,,,Acie Law
2007,83.5,79.5,106,4.9,,,Thaddeus Young
2007,86.25,80.5,108,6.1,,,Julian Wright
2007,85,79,104,5.8,,,Al Thornton
2007,79.25,76.5,100.5,6.1,,,Rodney Stuckey
2007,84,78.75,100.5,6.8,,,Nick Young
2007,,82,,,,,Sean Williams
2007,,,,,,,Marco Belinelli
2007,77.5,76.75,98,4.5,,,Javaris Crittenton
2007,82.75,83.5,106,7.5,,,Jason Smith
2007,80.25,77.75,101.5,7,,,Daequan Cook
2007,79,79.25,102,7.1,,,Jared Dudley
2007,84,80,,,,,Wilson Chandler
2007,79.5,,101.5,,,,Rudy Fernandez
2007,82,78,102.5,6.9,,,Morris Almond
2007,76,71.75,94,2.7,,,Aaron Brooks
2007,81,77,,,,,Arron Afflalo
2007,86,83,109.5,5.3,,,Tiago Splitter
2007,79,78,,,,,Alando Tucker
2007,,,,,,,Petteri Koponen
2007,83,80.5,102.5,7.5,,,Carl Landry
2007,,76,,,,,Gabe Pruitt
2007,83,79,,,,,Marcus Williams (Uconn)
2007,,83,,,,,Nick Fazekas
2007,,81,,,,,Glen Davis
2007,88,83,109.5,6.9,,,Jermareo Davidson
2007,85,82,106.5,13.7,,,Josh McRoberts
2007,,,,,,,Kyrylo Fesenko
2007,,,,,,,Stanko Barac
2007,81,80.75,105,5.1,,,Sun Sun
2007,88.5,80.75,110.5,7.5,,,Chris Richard
2007,,79,,,,,Derrick Byars
2007,,,,,,,Adam Haluska
2007,82,80,103.5,8.9,,,Reyshawn Terry
2007,72,73.75,94,7,,,Jared Jordan
2007,86,79,107,4.9,,,Stephane Lasme
2007,82.5,80.25,104,4.7,,,Dominic McGuire
2007,88,,,,,,Marc Gasol
2007,87.25,85.75,108.5,10.8,,,Aaron Gray
2007,80.75,,101,6.1,,,Renaldas Seibutis
2007,,75,,,,,JamesOn Curry
2007,74.25,72.75,96,4.6,,,Taurean Green
2007,84.25,79.5,105,6.2,,,Demetris Nichols
2007,80,,102.5,8,,,Brad Newley
2007,86.25,81.75,108.5,5.6,,,Herbert Hill
2007,76.25,75.75,97.5,6.2,,,Ramon Sessions
2007,83,79,105,8.3,,,Sammy Mejia
2007,,,,,,,Giorgos Printezis
2007,78.5,77,101,4.5,,,DJ Strawberry
2007,,,,,,,Milovan Rakovic
2006,86,,,,,,Andrea Bargnani
2006,88.75,83.25,110,8.7,,,LaMarcus Aldridge
2006,82,79.75,105,6.8,,,Adam Morrison
2006,87,80.25,108,5.6,,,Tyrus Thomas
2006,88.25,80.5,104,11.4,,,Shelden Williams
2006,80,78.25,101,7.6,,,Brandon Roy
2006,78.25,75.25,97,10,,,Randy Foye
2006,87,80,107.5,5.7,,,Rudy Gay
2006,89.75,84,113,10,,,Patrick O'Bryant
2006,92.5,84,113,6.6,,,Mouhamed Sene
2006,75.25,76.75,97.5,7,,,JJ Redick
2006,88,82.25,109,6.3,,,Hilton Armstrong
2006,86,,,,,,Thabo Sefolosha
2006,83.25,78.75,103.5,5,,,Ronnie Brewer
2006,88.25,81.5,108.5,5.6,,,Cedric Simmons
2006,82,77.75,103.5,5.3,,,Rodney Carney
2006,87,80.75,104,8,,,Shawne Williams
2006,84,,,,,,Oleksiy Pecherov
2006,,75,,,,,Quincy Douby
2006,85,78.5,104.5,4.9,,,Renaldo Balkman
2006,81,73,,,,,Rajon Rondo
2006,79,75,97.5,12.4,,,Marcus Williams
2006,,82,,,,,Josh Boone
2006,74,73,,,,,Kyle Lowry
2006,81,76,,,,,Shannon Brown
2006,75,74,94.5,4.4,,,Jordan Farmar
2006,,,,,,,Sergio Rodriguez
2006,79.75,76.5,101.5,8,,,Maurice Ager
2006,82,77.5,103,10,,,Mardy Collins
2006,82,,,,,,Joel Freeland
2006,,79,,,,,James White
2006,81.5,81.25,103,8.1,,,Steve Novak
2006,88.75,81.75,109,7.4,,,Solomon Jones
2006,,83,,,,,Paul Davis
2006,84,77,,,,,P.J. Tucker
2006,81.5,78.5,103.5,12.2,,,Craig Smith
2006,81.5,78.75,101.5,8,,,Bobby Jones
2006,,,,,,,Kosta Perovic
2006,81.5,78,100,6.1,,,David Noel
2006,81.5,77,102.5,9,,,Denham Brown
2006,84.25,81.75,104,5.5,,,James Augustine
2006,,74,,,,,Daniel Gibson
2006,,,,,,,Marcus Vinicius
2006,,,,,,,Lior Eliyahu
2006,,81,,,,,Alexander Johnson
2006,74,73,94,,,,Dee Brown
2006,85.5,79.25,105.5,9.7,,,Paul Millsap
2006,,,,,,,Vladimir Veremeenko
2006,84,80,,,,,Leon Powe
2006,,85,,,,,Ryan Hollins
2006,,,,,,,Cheikh Samb
2006,,,,,,,Guillermo Diaz
2006,,,,,,,Yotam Halperin
2006,,76,,,,,Hassan Adams
2006,,,,,,,Ejike Ugboaja
2006,,,,,,,Edin Bavcic
2006,,,,,,,Loukas Mavrokefalidis
2006,,,,,,,JR Pinnock
2006,,,,,,,Damir Markota
2006,78,72.5,96.5,7.2,,,Will Blalock
2005,87,84.25,110.5,,,,Andrew Bogut
2005,87.5,80.25,108,,,,Marvin Williams
2005,78.25,74.75,98,,,,Deron Williams
2005,76.25,73,93,,,,Chris Paul
2005,76.25,72.25,98,,,,Raymond Felton
2005,83,79.5,106,,,,Martell Webster
2005,84.25,81.5,109,,,,Charlie Villanueva
2005,86.5,82.5,110.5,,,,Channing Frye
2005,87.5,80,109,,,,Ike Diogu
2005,90,,,,,,Andrew Bynum
2005,,,,,,,Fran Vazquez
2005,,,,,,,Yaroslav Korolev
2005,85.25,80.5,105,,,,Sean May
2005,82.75,76,103.5,,,,Rashad McCants
2005,80.75,78.25,104.5,,,,Antoine Wright
2005,80,78.5,104,,,,Joey Graham
2005,85.5,80.5,103,,,,Danny Granger
2005,81.75,79.25,104,,,,Gerald Green
2005,86,80.5,108,,,,Hakim Warrick
2005,84.5,79,107.5,,,,Julius Hodge
2005,73,69,91.5,6.7,,,Nate Robinson
2005,79.5,75.5,100,,,,Jarrett Jack
2005,82.75,79,103,,,,Francisco Garcia
2005,77.25,75,98.5,,,,Luther Head
2005,,,,,,,Johan Petro
2005,87.25,78.25,107,,,,Jason Maxiell
2005,,80,,,,,Linas Kleiza
2005,91,,,,,,Ian Mahinmi
2005,84,81,107,,,,Wayne Simien
2005,84,81,106.5,,,,David Lee
2005,,73,,,,,Salim Stoudamire
2005,,75,,,,,Daniel Ewing
2005,86.5,80,106.5,9.3,,,Brandon Bass
2005,,,,,,,CJ Miles
2005,,,,,,,Ricky Sanchez
2005,85.25,81,109.5,,,,Ersan Ilyasova
2005,85.5,81.25,106.5,,,,Ronny Turiaf
2005,71.75,73,93.5,,,,Travis Diener
2005,,77,,,,,Von Wafer
2005,74.75,75.25,98,,,,Monta Ellis
2005,,,,,,,Roko Ukic
2005,85.75,81.5,109,,,,Chris Taft
2005,,,,,,,Mile Ilic
2005,83.25,87,112.5,,,,Martynas Andriuskevicius
2005,,75,,,,,Lou Williams
2005,,,,,,,Erazem Lorbek
2005,82,74.5,100.5,,,,Bracey Wright
2005,,,,,,,Mickael Gelabale
2005,,,,,,,Andray Blatche
2005,86,79,106.5,,,,Ryan Gomes
2005,86,81,108,,,,Robert Whaley
2005,,,,,,,Axel Hervelle
2005,,76,,,,,Orien Greene
2005,81.75,80,105.5,,,,Dijon Thompson
2005,81.5,81,106.5,9.3,,,Lawrence Roberts
2005,88,69,,,,,Amir Johnson
2005,87.5,84,110,,,,Marcin Gortat
2005,,,,,,,Uros Slokar
2005,,,,,,,Cenk Akyol
2005,84,76.75,102.5,,,,Alex Acker
2004,88.5,82.25,111.5,10.5,,,Dwight Howard
2004,88,82,110.5,5.3,,,Emeka Okafor
2004,80.5,74.25,99,5.3,,,Ben Gordon
2004,83,79.5,105.5,6.7,,,Shaun Livingston
2004,79.5,75,98.5,5.3,,,Devin Harris
2004,83,79.25,105,9.3,,,Josh Childress
2004,84.5,80,108.5,6.7,,,Luol Deng
2004,88,83,,,,,Rafael Araujo
2004,83,78.75,105.5,6.7,,,Andre Iguodala
2004,80.5,79,103,8,,,Luke Jackson
2004,86,,,9.3,,,Andris Biedrins
2004,,,,,,,Robert Swift
2004,,,,,,,Sebastian Telfair
2004,84.5,81.5,106.5,6.7,,,Kris Humphries
2004,86.5,81.75,110,10.5,,,Al Jefferson
2004,81,78.75,104,9.3,,,Kirk Snyder
2004,84,80.25,106.5,6.7,,,Josh Smith
2004,82,78.75,104,6.7,,,JR Smith
2004,81,,,,,,Dorell Wright
2004,74.5,72.5,95,8,,,Jameer Nelson
2004,89.75,89,116,16.3,,,Pavel Podkolzin
2004,,,,,,,Viktor Khryapa
2004,83,,,,,,Sergei Monia
2004,78,74.75,99.5,6.7,,,Delonte West
2004,81,76.25,102,6.7,,,Tony Allen
2004,80,79,,,,,Kevin Martin
2004,77.5,79,101,14.1,,,Sasha Vujacic
2004,76.5,75.75,98,9.3,,,Beno Udrih
2004,,85,,,,,David Harrison
2004,85,,,,,,Anderson Varejao
2004,84,82.75,105.5,6.7,,,Jackson Vroman
2004,89.5,87.25,111.5,6.7,,,Peter John Ramos
2004,,73,,,,,Lionel Chalmers
2004,85,79,,,,,Donta Smith
2004,81,76.5,100,6.7,,,Andre Emmett
2004,78.5,72.75,96.5,9.9,,,Antonio Burks
2004,,75,,,,,Royal Ivey
2004,78.5,73.25,98,6.7,,,Chris Duhon
2004,,,,,,,Albert Miralles
2004,,80,,,,,Justin Reed
2004,,,,,,,David Young
2004,,,,,,,Viktor Sanikidze
2004,86,80.25,107.5,8,,,Trevor Ariza
2004,79.5,76.25,100.5,6,,,Tim Pickett
2004,82,78.5,102,6,,,Bernard Robinson
2004,,,,,,,Ha Ha
2004,86,82,108.5,9.3,,,Pape Sow
2004,79,76.25,101.5,8,,,Ricky Minard
2004,84,83.5,109.5,10.5,,,Sergei Lishouk
2004,,,,,,,Vassilis Spanoulis
2004,,,,,,,Christian Drejer
2004,83,75.25,102.5,6,,,Romain Sato
2004,85,81.5,108.5,10.8,,,Matt Freije
2004,82,77,101.5,5.3,,,Rickey Paulding
2004,79.5,73.75,98.5,6,,,Luis Flores
2004,88,,111.5,13.7,,,Marcus Douthit
2004,,,,,,,Sergei Karaulov
2004,,,,,,,Blake Stepp
2004,82,74,98.5,8,,,Rashad Wright
2003,84.25,,106.25,6.7,,,LeBron James
2003,89,,111.5,8,,,Darko Milicic
2003,84,80,105.5,8,,,Carmelo Anthony
2003,87.5,82,109,8,,,Chris Bosh
2003,82.75,76,102,6.7,,,Dwyane Wade
2003,83.75,85,110.5,16.3,,,Chris Kaman
2003,78,75,98.5,5.3,,,Kirk Hinrich
2003,71.5,72,93.5,6.7,,,T.J. Ford
2003,85,80,107.5,14.1,,,Michael Sweetney
2003,,79,,,,,Jarvis Hayes
2003,,,,,,,Mickael Pietrus
2003,85.5,81,108,17,,,Nick Collison
2003,,74,,,,,Marcus Banks
2003,75,74,95.5,5.3,,,Luke Ridnour
2003,,78,,,,,Reece Gaines
2003,77,73,97.5,5.3,,,Troy Bell
2003,,,,,,,Zarko Cabarkapa
2003,88.25,81,108.25,8,,,David West
2003,,,,,,,Sasha Pavlovic
2003,81,78,102.5,2.6,,,Dahntay Jones
2003,,,,,,,Boris Diaw
2003,,,,,,,Zoran Planinic
2003,88,,,,,,Travis Outlaw
2003,86,81,109,10.5,,,Brian Cook
2003,77,,,,,,Carlos Delfino
2003,,,,,,,Ndudi Ebi
2003,88,,,,,,Kendrick Perkins
2003,82,,,,,,Leandro Barbosa
2003,86,79,105.5,6,,,Josh Howard
2003,,,,,,,Maciej Lampe
2003,78.5,80,102,11.7,,,Jason Kapono
2003,80.5,80,104,9.3,,,Luke Walton
2003,84.5,82,107,9.9,,,Jerome Beasley
2003,,,,,,,Sofoklis Schortsanitis
2003,,,,,,,Szymon Szewczyk
2003,,,,,,,Mario Austin
2003,78.5,78,100.5,6,,,Travis Hansen
2003,77,75,,,,,Steve Blake
2003,,,,,,,Slavko Vranes
2003,81,75,96.25,5.3,,,Derrick Zimmerman
2003,79.25,76,100,8,,,Willie Green
2003,83,,,,,,Zaza Pachulia
2003,81.25,77,101,8,,,Keith Bogans
2003,,,,,,,Malick Badiane
2003,80.75,82,105.5,13.6,,,Matt Bonner
2003,,,,,,,Sani Becirovic
2003,77.5,73,98.5,6.7,,,Mo Williams
2003,90.25,,110,21.4,,,James Lang
2003,86.5,80,107.5,6.7,,,James Jones
2003,,,,,,,Paccelis Morlende
2003,81.5,79,102.5,6.7,,,Kyle Korver
2003,,,,,,,Remon Van de Hare
2003,86.5,75,107.5,6.7,,,Tommy Smith
2003,,,,,,,Nedzad Sinanovic
2003,,,,,,,Rick Rickert
2003,86.75,79,105.5,8,,,Brandon Hunter
2003,,,,,,,Xue Yuyang
2003,,,,,,,Andreas Glyniadakis
2002,,,,,,,Yao Ming
2002,75.5,74,97,,,,Jay Williams
2002,81,75,106,,,,Mike Dunleavy
2002,84.5,82,106.5,,,,Drew Gooden
2002,,,,,,,Nikoloz Tskitishvili
2002,74,74,99,,,,Dajuan Wagner
2002,88.5,,109,,,,Nene
2002,85,82,107.5,,,,Chris Wilcox
2002,85.75,,108.5,,,,Amar'e Stoudemire
2002,83.5,79,103.5,,,,Caron Butler
2002,84.5,83,109,,,,Jared Jeffries
2002,88,82,111,,,,Melvin Ely
2002,84,82,107,,,,Marcus Haislip
2002,84,76,100,,,,Fred Jones
2002,,,,,,,Bostjan Nachbar
2002,,,,,,,Jiri Welsch
2002,80,75,,,,,Juan Dixon
2002,86.5,85,112,,,,Curtis Borchardt
2002,84,80,104.5,,,,Ryan Humphrey
2002,81.75,78,103.5,,,,Kareem Rush
2002,82,80,105,,,,Qyntel Woods
2002,,78,,,,,Casey Jacobsen
2002,86,81,,,,,Tayshaun Prince
2002,,,,,,,Nenad Krstic
2002,80,75,100.5,,,,Frank Williams
2002,82.25,79,104,,,,John Salmons
2002,,80,,,,,Chris Jefferies
2002,,73,,,,,Dan Dickau
2002,71.75,70,92.5,,,,Steve Logan
2002,,,,,,,Roger Mason Jr.
2002,83.75,83,109.5,,,,Robert Archibald
2002,84.5,79,104.5,,,,Vincent Yarbrough
2002,,83,,,,,Dan Gadzuric
2002,86.25,81,108.5,,,,Carlos Boozer
2002,,,,,,,Milos Vujanic
2002,,,,,,,David Andersen
2002,77,76,99,,,,Tito Maddox
2002,84,80,107,,,,Rod Grizzard
2002,,,,,,,Juan Carlos Navarro
2002,83.5,,109,,,,Mario Kasun
2002,79.5,75,100.5,,,,Flip Murray
2002,91,84,111,,,,Jason Jennings
2002,85.5,80,107.5,,,,Lonny Baxter
2002,86.75,79,107,8,,,Sam Clancy
2002,81,79,96.5,,,,Matt Barnes
2002,,83,,,,,Jamal Sampson
2002,83.5,79,104,,,,Chris Owens
2002,84.5,,109,,,,Peter Fehse
2002,85,81,108.5,,,,Darius Songaila
2002,,,,,,,Federico Kammerichs
2002,76.5,75,98.5,,,,Marcus Taylor
2002,84,79,105.5,,,,Rasual Butler
2002,83.5,80,104,,,,Tamar Slay
2002,,,,,,,Mladen Sekularac
2002,,,,,,,Luis Scola
2002,85,81,105,,,,Randy Holcomb
2002,82.75,81,106.5,,,,Corsley Edwards
2001,85,80,108,8.9,,,Kwame Brown
2001,87,,110,6.7,,,Tyson Chandler
2001,89,,,,,,Pau Gasol
2001,90.5,,111,16.5,,,Eddy Curry
2001,83.5,78,102.5,5.3,,,Jason Richardson
2001,82.5,80,105,9.3,,,Shane Battier
2001,87,82,110,4,,,Eddie Griffin
2001,90.5,,113,21,,,DeSagana Diop
2001,83.5,81,104.5,9.3,,,Rodney White
2001,81,80,105,6.7,,,Joe Johnson
2001,,,,,,,Kedrick Brown
2001,,,,,,,Vladimir Radmanovic
2001,84,79,103,6.7,,,Richard Jefferson
2001,83,83,105.5,11.7,,,Troy Murphy
2001,88,85,108,5.3,,,Steven Hunter
2001,84.25,81,106,10.5,,,Kirk Haston
2001,85.5,82,107,9.3,,,Michael Bradley
2001,88.5,85,110,12.9,,,Jason Collins
2001,88,81,,,,,Zach Randolph
2001,90.5,85,113.5,12.9,,,Brendan Haywood
2001,78.5,76,100.5,,,,Joseph Forte
2001,82.5,78,103.5,6.7,,,Jeryl Sasser
2001,81.5,77,99.5,9.3,,,Brandon Armstrong
2001,,,,,,,Raul Lopez
2001,,79,,,,,Gerald Wallace
2001,91,83,,,,,Samuel Dalembert
2001,79.5,75,97.5,13.6,,,Jamaal Tinsley
2001,85,81,,,,,Tony Parker
2001,80,77,99.5,5.3,,,Trenton Hassell
2001,81.5,75,99.5,5.3,,,Gilbert Arenas
2001,77.5,73,92,5.5,,,Omar Cook
2001,81.5,73,99.5,4,,,Will Solomon
2001,,81,,,,,Terence Morris
2001,81.75,81,105.5,13.6,,,Brian Scalabrine
2001,,76,,,,,Jeff Trepagnier
2001,83.75,81,104.5,6.7,,,Damone Brown
2001,,,,,,,Mehmet Okur
2001,83.5,79,106.5,9.3,,,Michael Wright
2001,78.75,73,97,4,,,Earl Watson
2001,80.75,76,102.5,6.7,,,Jamison Brewer
2001,84.25,79,105,6.7,,,Bobby Simmons
2001,88,85,111,12.9,,,Eric Chenowith
2001,,,,,,,Kyle Hill
2001,81.25,79,101,8,,,Sean Lampley
2001,89.5,85,113,9.3,,,Loren Woods
2001,,,,,,,Ousmane Cisse
2001,80.5,,106,,,,Antonis Fotsis
2001,88,80,109.5,9.9,,,Ken Johnson
2001,88,85,111,6,,,Ruben Boumtje-Boumtje
2001,82.5,81,102.5,8,,,Alton Ford
2001,83.75,80,105.5,11.7,,,Andre Hutson
2001,87,83,104,15.2,,,Jarron Collins
2001,76.5,74,98,6.7,,,Kenny Satterfield
2001,,,,,,,Maurice Jeffers
2001,,,,,,,Robertas Javtokas
2001,,83,,,,,Alvin Jones
2001,,,,,,,Bryan Bracey
2000,84,81,,,,,Kenyon Martin
2000,,81,,,,,Stromile Swift
2000,87,,,,,,Darius Miles
2000,81,81,,,,,Marcus Fizer
2000,,80,,,,,Mike Miller
2000,,81,,,,,DerMarr Johnson
2000,,85,,,,,Chris Mihm
2000,82,78,102.5,,,,Jamal Crawford
2000,86,85,,,,,Joel Przybilla
2000,,75,,,,,Keyon Dooling
2000,,,,,,,Jerome Moiso
2000,,81,,,,,Etan Thomas
2000,,77,,,,,Courtney Alexander
2000,,74,,,,,Mateen Cleaves
2000,,85,,,,,Jason Collier
2000,86,,,,,,Hedo Turkoglu
2000,,79,,,,,Desmond Mason
2000,84,78,,,,,Quentin Richardson
2000,90,83,,,,,Jamaal Magloire
2000,72,71,94.5,,,,Speedy Claxton
2000,82,79,,,,,Morris Peterson
2000,84.5,80,105.5,,,,Donnell Harvey
2000,,,,,,,DeShawn Stevenson
2000,,,,,,,Dalibor Bagaric
2000,,,,,,,Jake Tsakalidis
2000,,,,,,,Mamadou N'diaye
2000,86,,110,,,,Primoz Brezec
2000,,73,,,,,Erick Barkley
2000,84.5,81,104.5,,,,Mark Madsen
2000,81,,104,,,,Marko Jaric
2000,80,83,104,,,,Dan Langhi
2000,75.75,73,97.5,,,,A.J. Guyton
2000,,83,,,,,Jake Voskuhl
2000,73.5,70,93,,,,Khalid El-Amin
2000,80.5,80,103,,,,Mike Smith
2000,,,,,,,Soumaila Samake
2000,75.5,73,95,,,,Eddie House
2000,83.5,80,104.5,,,,Eduardo Najera
2000,80.5,77,101.5,,,,Lavor Postell
2000,,,,,,,Hanno Mottola
2000,,,,,,,Chris Carrawell
2000,,,,,,,Olumide Oyedeji
2000,81,78,102,,,,Michael Redd
2000,,80,,,,,Brian Cardinal
2000,86.5,83,109.5,,,,Jabari Smith
2000,,,,,,,DeeAndre Hulett
2000,,,,,,,Josip Sesar
2000,80,77,102.5,,,,Mark Karcher
2000,78,75,97.5,,,,Jason Hart
2000,,80,,,,,Kaniel Dickens
2000,77.25,,100,,,,Igor Rakocevic
2000,85.25,79,109.5,,,,Ernest Brown
2000,85.5,85,107,,,,Dan McClintock
2000,83,80,101.5,,,,Cory Hightower
2000,81.5,79,103.5,,,,Chris Porter
2000,74.5,75,96.5,,,,Jaquay Walls
2000,,,,,,,Scoonie Penn
2000,81.5,79,103.5,,,,Pete Mickeal
2000,86.5,82,109,,,,Malik Allen
2000,80.5,,103,,,,Harold Arceneaux
2000,87.5,,108,,,,Lamont Barnes
2000,84,,103,,,,Mario Bland
2000,83,,102,,,,Eric Coley
2000,76,,96.5,,,,Ed Cota
2000,79,,100,,,,Schea Cotton
2000,86,,107.5,,,,Caswell Cyrus
2000,82.5,,106.5,,,,Vassil Evtimov
2000,76,73,93,,,,Eddie Gill
2000,82,,104.5,,,,Ceedric Goodwyn
2000,84.5,,105.5,,,,Marcus Goree
2000,81.5,,103,,,,A.J. Granger
2000,83,,104.5,,,,Ron Hale
2000,80,,100.5,,,,Johnny Hemsley
2000,78.25,,98.5,,,,Michael Hermon
2000,70,,91,,,,Shaheen Holloway
2000,80,,100,,,,Jimmie Hunter
2000,83,,105.5,,,,Jacob Jaacks
2000,80.5,,104,,,,Nate Johnson
2000,85,,108,,,,Kenyon Jones
2000,83.25,,106.5,,,,Brandon Kurtz
2000,76.5,,97.5,,,,Justin Love
2000,82.5,,106,,,,Brian Montonati
2000,84.5,,105,,,,Gabe Muoneke
2000,87.5,,112.5,,,,Ndongo N'diaye
2000,82.5,,106,,,,Matthew Nielsen
2000,81.25,,104,,,,Reed Rawlings
2000,81.5,,104.5,,,,Damon Reed
2000,77.5,,94.5,,,,Aubrey Reese
2000,80,79,103.5,,,,Terrance Roberson
2000,75.75,,95.5,,,,Julius Doc Robinson
2000,75.5,,96,,,,Pepe Sanchez
2000,75,,94,,,,Matt Santangelo
2000,81,76,97.5,,,,Alex Scales
2000,87,,111.5,,,,Karim Shabazz
2000,83,,107.5,,,,Nick Sheppard
2000,81.25,,103,,,,Jarrett Stephens
2000,78.5,,101.5,,,,Bootsy Thornton
2000,90,,110,,,,Jameel Watkins
2001,84.5,,107,12.4,,,Adam Allenspach
2001,80.5,,99,5.3,,,Cookie Belcher
2001,79.5,75,97.5,6.7,,,Charlie Bell
2001,83.5,,104,8.6,,,Calvin Bowman
2001,76,,92.5,6.7,,,SirValiant Brown
2001,80.25,,99,8,,,Ryan Carroll
2001,83.5,,103,8,,,Gyasi Cline-Heard
2001,83.75,,107,13.6,,,Tate Decker
2001,86.5,,110.2,8,,,Robb Dryden
2001,80,77,101,4,,,Maurice Evans
2001,83.5,,101.5,12.9,,,Anthony Evans
2001,90,,109,3.9,,,Benjamin Eze
2001,82.75,,108.5,11.7,,,Kimani Ffriend
2001,78.25,,99,5.5,,,Jerry Green
2001,83.25,,101,6.7,,,Kenny Gregory
2001,86,,107.5,,,,Charles Hathaway
2001,81.25,,100.5,7.3,,,Michael Hicks
2001,82.75,,103,6,,,Nate James
2001,77.25,,97,6,,,Horace Jenkins
2001,89,,111.5,19.1,,,Darrell Johns
2001,78.75,,100,6.7,,,Darren Kelly
2001,75.5,,96.5,6.7,,,Zach Marbury
2001,84.5,,108.5,13.6,,,Mike Mardesich
2001,80.25,,99.5,6.7,,,DeMarcus Minor
2001,83.5,,103,5.3,,,Jamario Moon
2001,85.5,,106.5,8,,,Troy Ostler
2001,86.5,,110.5,11.7,,,Lazaros Papadopoulos
2001,73.5,,92,12.4,,,Rashad Phillips
2001,74.75,,94,12.4,,,Demetrius Porter
2001,80,,102.5,8,,,Martin Rancik
2001,76.5,,99,6,,,Norman Richardson
2001,89.75,,110.5,10.5,,,Lee Scruggs
2001,84.5,,102,7.3,,,Greg Stevenson
2001,85.75,,103.7,8,,,Damone Thornton
2001,83.25,,104.5,6.7,,,Tory Walker
2001,89,,109,11.2,,,Souleymane Wane
2001,85.5,,105.5,12.4,,,Brent Wright
2002,76,73,96,,,,Maurice Baker
2002,84,,107,,,,Lubos Barton
2002,85.75,,109,,,,Lee Benson
2002,74.25,,96,,,,J.R. Bremer
2002,79,,99,,,,Brian Brown
2002,88.5,,109.5,,,,Sylvere Bryan
2002,83.5,,109,,,,Chris Burgess
2002,78,,98,,,,Mire Chatman
2002,87.5,,109,,,,Chris Christoffersen
2002,85,,107,,,,Lenny Cooke
2002,78.25,,102,,,,Craig Dawson
2002,70.75,,90.5,,,,Teddy Dupay
2002,82.25,,102,,,,Andy Ellis
2002,86.5,80,107.5,,,,Reggie Evans
2002,79,,101,,,,David Graves
2002,73,74,94.5,,,,Lynn Greer
2002,79.75,75,99,,,,Anthony Grundy
2002,78,,99.5,,,,Damon Hancock
2002,75.75,,97,,,,Greg Harrington
2002,83,80,107,,,,Udonis Haslem
2002,73,,92,,,,Cordell Henry
2002,86.25,,112,,,,Lonnie Jones
2002,74.5,,96,,,,Sean Kennedy
2002,83.75,,109,,,,Kris Lang
2002,86,,108.5,,,,Muhammed Lasege
2002,86,,109.5,,,,Kevin Lyde
2002,84.5,,107,,,,Kei Madison
2002,78.5,,100,,,,Immanuel McElroy
2002,82,,105.5,,,,Aaron McGhee
2002,85.5,,105.5,,,,Elvin Mims
2002,82.25,,102,,,,Byron Mouton
2002,89.5,,112,,,,Uche Okafor
2002,74.5,73,96,,,,Jannero Pargo
2002,82,76,107.5,,,,Smush Parker
2002,79,,101,,,,Luke Recker
2002,85,,105.5,,,,Rolan Roberts
2002,82.5,,104.5,,,,Travis Robinson
2002,82,,108,,,,Brooks Sales
2002,79,,102,,,,Predrag Savovic
2002,83.5,,105.5,,,,Julian Sensley
2002,81.75,,106.5,,,,Israel Sheinfeld
2002,80.5,,103.5,,,,Preston Shumpert
2002,77.75,,99.5,,,,Jobey Thomas
2002,84.5,,103,,,,George Williams
2003,86.5,,106,10.5,,,Aloysius Anagonye
2003,83,,106.5,9.9,,,Rick Anderson
2003,78,,101.5,11.7,,,LaVell Blanchard
2003,76,,96,7.3,,,Jermaine Boyette
2003,86.25,,109,9.9,,,Souleymane Camara
2003,78.5,78,98.5,6.7,,,Matt Carroll
2003,81.25,,105.5,12.9,,,Joel Cornette
2003,82,78,103.5,4,,,Marquis Daniels
2003,84,,108,16.3,,,Aleksander Djuric
2003,79.25,,100.5,6,,,Ruben Douglas
2003,80.25,79,101,6.7,,,Ronald Dupree
2003,77.25,,98.5,8,,,Carl English
2003,82.5,,102,14.1,,,Ebi Ere
2003,88,,108,11.7,,,Marquis Estill
2003,73,70,92,9.3,,,Jason Gardner
2003,85,,109.5,10.5,,,Trevor Harvey
2003,78.25,,98,4,,,Marcus Hatten
2003,87.25,,109.5,6,,,Jerry Holman
2003,82.75,,107.5,,,,Sam Hoskin
2003,85,,109.5,9.3,,,Sani Ibrahim
2003,82.75,,107,10.5,,,Michael Ignerski
2003,84,,107.5,15.9,,,Robert Jackson
2003,82.75,82,107.5,7.3,,,Britton Johnsen
2003,84.5,,106.5,8.6,,,Jason Keep
2003,77.5,,98.5,12.9,,,Bernard King
2003,78,73,95.5,10.5,,,Brandin Knight
2003,87,,97,7.3,,,Donald Little
2003,92,,114,23.1,,,Chris Marcus
2003,85,,106.5,14.8,,,Chris Massie
2003,87.5,,109.5,13.6,,,Will McDonald
2003,85,,106,5.3,,,Jeff Newton
2003,87.75,,106.5,6,,,Uche Nsonwu-Amadi
2003,87,,109,4.3,,,Ugonna Okyekwe
2003,75.5,,97,9.3,,,Marlon Parmer
2003,86,,107,12.4,,,Stephane Pelle
2003,77.25,77,97,8,,,Kirk Penney
2003,85,81,107.5,8,,,Josh Powell
2003,76.5,,94.5,7.3,,,Hollis Price
2003,82,,103,11.7,,,Joe Shipp
2003,82,,103.5,16.3,,,Ron Slay
2003,82.25,80,104.5,9.3,,,Theron Smith
2003,87.5,,109.5,17.4,,,Marvin Stone
2003,86,,108,4.6,,,Wayne Wallace
2003,87,,110.5,12.4,,,Wesley Wilson
2003,91.5,,100.5,7.3,,,Doug Wrenn
2004,73,69.75,92,6.7,,,Andre Barrett
2004,79,76,100,7.3,,,Tony Bobbitt
2004,82,80.75,105.5,11.2,,,Brian Boddicker
2004,81,73.75,98,2.6,,,Tim Bowers
2004,83,81.5,107,6,,,Andre Brown
2004,85.5,81.5,109,16.3,,,Jackie Butler
2004,73.5,73.25,94,9.3,,,Aleksandar Capin
2004,87,86,113,14.8,,,Ales Chan
2004,81.5,80.75,106.5,6.7,,,TJ Cummings
2004,83,79.5,106,18.5,,,Erik Daniels
2004,88.5,85,113,14.1,,,John Edwards
2004,80.5,77.75,103,5.3,,,Desmon Farmer
2004,85,81.75,108,14.8,,,Chris Garnett
2004,84.5,80.5,107,11.7,,,Rolando Howell
2004,89,81.75,111.5,10.5,,,Martin Iti
2004,87,80.5,109,16.3,,,Arthur Johnson
2004,74.5,74,95,6.7,,,Ivan Koljevic
2004,85.5,80.5,107,6.7,,,Herve Lamizana
2004,81.5,80.5,107,9.9,,,Jaime Lloreda
2004,84.5,78.75,105.5,6.7,,,Bryant Matthews
2004,84,80.5,105.5,10.5,,,Marcus Melvin
2004,86,80.75,107,12.4,,,Rich Melzer
2004,81,77.25,101.5,14.8,,,Marcus Moore
2004,84.5,80,107,8,,,James Moore
2004,83.5,76.75,102,8.6,,,Michel Morandais
2004,82,76.75,102,12.9,,,Misan Nikagbatse
2004,82.5,82.75,107.5,6.7,,,Randall Orr
2004,79,80.75,105,12.3,,,Dylan Page
2004,78.5,75.25,99.5,8.6,,,Kelvin Pena
2004,71.5,71.25,92.5,14.1,,,Omar Quintero
2004,84.5,83.75,109,12.9,,,Jared Reiner
2004,83.5,79.5,106,6.7,,,Aerick Sanders
2004,83,82.5,107,9.3,,,Blagota Sekulic
2004,83,83.5,107.5,15.2,,,Tom Timmerrmans
2004,79,79.75,103.5,9.3,,,Marko Tomas
2004,84,78,106,7.3,,,Damien Wilkins
2004,83.5,78.5,105.5,9.3,,,Mike Williams
2004,85.5,82,109.5,12.4,,,Nate Williams
2005,87,83,108.5,,,,Deji Akindele
2005,,,,,,,Mustafa Al-Sayyad
2005,83,84,110,,,,Nemanja Aleksandrov
2005,81.5,78,104,,,,Alan Anderson
2005,85,79,108,,,,Sean Banks
2005,82.25,77.5,101,,,,Eddie Basden
2005,85.5,81.25,104.5,,,,Mike Bell
2005,75.5,71.5,93,,,,Will Bynum
2005,90,84.25,114,,,,Marcus Campbell
2005,75,74,96.5,,,,Will Conroy
2005,83.5,81.25,106.5,,,,Taylor Coppenrath
2005,71.5,72.5,94,,,,Daryl Dorsey
2005,90,82.5,110.5,,,,D'Or Fischer
2005,90.75,83.25,111.5,,,,Eddy Fobbs
2005,85.5,80.25,106,,,,Sharrod Ford
2005,88.5,81.25,110.5,,,,Deng Gai
2005,81.25,74.5,96.5,,,,John Gilchrist
2005,82,78.75,104.5,,,,Charles Hayes
2005,85.25,80.75,104.5,,,,Jared Homan
2005,86.75,82,108.5,,,,Dwayne Jones
2005,83,80.5,105.5,,,,Mindaugas Katelynas
2005,82,81.75,107.5,,,,Jason Klotz
2005,81,75.5,101,,,,Keith Langford
2005,84,79.75,103.5,,,,David Lucas
2005,72,70.5,92,,,,John Lucas III
2005,85,77.75,104,,,,Rawle Marshall
2005,81,78.75,105.5,,,,Ivan McFarlin
2005,84,78.75,106.5,,,,Juan Mendez
2005,75.5,73.5,94,,,,Aaron Miles
2005,81.75,79.25,105.5,,,,Ellis Myles
2005,78,76.25,99.5,,,,Larry O'Bannon
2005,83.75,82.75,108.5,,,,Drago Pasalic
2005,82.5,82.25,106,,,,Kevin Pittsnogle
2005,83.5,78,104,,,,Roger Powell
2005,82.75,78.75,105,,,,Carlos Powell
2005,77.5,74.25,96.5,,,,Ronnie Price
2005,74.75,74.5,95,,,,Anthony Roberson
2005,89,85.5,111.5,,,,Luke Schenscher
2005,79.5,77,102.5,,,,Tre Simmons
2005,87.5,81.5,108,,,,David Simon
2005,75,73,95,,,,Chris Thomas
2005,80,76.5,102,,,,Omar Thomas
2005,85.25,80,106.5,,,,Jawad Williams
2006,82.25,79.75,104,10.5,,,Kenny Adeleke
2006,83.5,80,103.5,6.8,,,Lou Amundson
2006,79,76.5,100,17.3,,,Rashad Anderson
2006,82,80.5,103.5,12,,,J.P. Batista
2006,83.5,80.25,103,8.4,,,Brandon Bowman
2006,84,80.75,107.5,10.5,,,Brad Buckman
2006,81,80,103,9.6,,,Nik Caner-Medley
2006,74.5,70.25,92.5,11.6,,,Keydren Clark
2006,78.75,75,98,3.9,,,Taquan Dean
2006,84,81,106,15.8,,,Terence Dials
2006,76.5,74,95.5,7.3,,,Sean Dockery
2006,85,82,105.5,12.4,,,Torin Francis
2006,82,77.75,103,6,,,Nick George
2006,84.75,80.5,107,6.8,,,Taj Gray
2006,78.25,78,99,10.4,,,Dan Grunfeld
2006,84.25,83,107.5,9.8,,,Matt Haryasz
2006,85.5,77.5,105.5,7.1,,,Eric Hicks
2006,85,81,107,7.3,,,Tedric Hill
2006,79,74.25,96.5,8,,,Daniel Horton
2006,81.25,78,104,5.5,,,Viktor Keyru
2006,87,78.75,104,19,,,Marco Killingsworth
2006,78.75,77.5,100.5,4.1,,,Tarence Kinsey
2006,78.25,72.75,97,8,,,Carl Krauser
2006,77.75,76,96.5,9.6,,,Chris McCray
2006,72.75,72.5,92.5,12.8,,,Gerry McNamara
2006,84,81,105.5,5.8,,,Pops Mensah-Bonsu
2006,84,81.25,101.5,13.8,,,Paul Miller
2006,78.5,75.25,98.5,4.5,,,Dwayne Mitchell
2006,88.25,81.5,107,17.2,,,Yemi Nicholson
2006,79.5,76,100.5,4.6,,,Danilo Pinnock
2006,77,73.5,94,5.9,,,Chris Quinn
2006,80.5,74.25,99.5,9.8,,,Allan Ray
2006,86.5,79.5,105.5,6.9,,,Antywane Robinson
2006,83.5,80,104.5,8.5,,,Marcus Slaughter
2006,84.5,81.25,104,7.8,,,Steven Smith
2006,88.25,82.25,107.5,7.9,,,Michael Southhall
2006,86.25,86.5,109,12.8,,,Frans Steyn
2006,77,74.75,97.5,6,,,Curtis Stinson
2006,78.5,77.25,99.5,7,,,Joah Tucker
2006,84.75,81.5,108.5,14.8,,,Ian Vouyoukas
2006,76,73,96,9.7,,,Darius Washington
2006,78,73.75,96,5.2,,,CJ Watson
2006,85.5,80.75,109,6.5,,,Justin Williams
2006,88.25,80.75,106.5,13,,,Eric Williams
2006,82,78.5,101,5,,,Curtis Withers
2007,81,81.75,103,8.9,,,Mohamed Abukar
2007,86,79,107,9.2,,,Mario Boggan
2007,85.5,81.75,106.5,12.1,,,Craig Bradshaw
2007,76,73.75,95.5,6.6,,,Bobby Brown
2007,80.5,76.5,97.5,6,,,Russell Carter
2007,86,81.75,107,6.2,,,Coleman Collins
2007,85.25,80.5,107.5,8,,,Ryvon Covile
2007,80.75,81.5,105,7,,,Justin Doellman
2007,82,75,100,5.1,,,Zabian Dowdell
2007,83.5,80,104,11.5,,,Rashaun Freeman
2007,83.75,80,103,10.9,,,Caleb Green
2007,79,75.75,94,9,,,Brandon Heath
2007,83.25,79.75,105,5.7,,,Quinton Hosley
2007,87,82.75,111,3.5,,,James Hughes
2007,80.25,76.75,101.5,5.2,,,Jeremy Hunt
2007,90,81,104,3.2,,,Ekene Ibekwe
2007,74,71.75,93,4.8,,,Dominic James
2007,77,77.75,98,5.4,,,Trey Johnson
2007,84,79.5,105.5,5.9,,,Rashad Jones-Jennings
2007,83,76.75,99.5,5.4,,,Coby Karl
2007,82.5,82.5,106.5,7.7,,,Antanas Kavaliauskas
2007,85,82.5,108.5,11.4,,,Marko Lekic
2007,78.5,76.5,99,4.5,,,Ron Lewis
2007,82,78.5,103.5,5.6,,,Cartier Martin
2007,83.75,82.75,106,9.8,,,Ivan Radenovic
2007,75.25,74.75,95,8.2,,,JR Reynolds
2007,80,76.75,100.5,6.6,,,Dustin Salisbery
2007,81,78.25,102.5,10,,,Blake Schilb
2007,77.5,76.5,99,4.1,,,Mustafa Shakur
2007,81.5,79.75,104,5.3,,,Curtis Sumpter
2007,74.5,72.75,93.5,5,,,Jamaal Tatum
2007,86.5,80.5,107.5,5.7,,,Anthony Tolliver
2007,88,81.75,108.5,12.1,,,Ali Traore
2007,83,83.5,108,10.2,,,Kyle Visser
2007,87,82.25,110,6.9,,,Darryl Watkins
2007,88,82.75,109,6.7,,,Major Wingate
2007,72.75,71.5,92,5.4,,,DaShaun Wood
2007,85,81.5,107,3.3,,,Avis Wyatt
2008,77,74.25,98,5.7,,,Ramel Bradley
2008,73.75,71,94,8.1,,,Tyrone Brazelton
2008,82,80.5,106,9.2,,,Takais Brown
2008,79.25,80.75,104.5,4,,,Keith Brumbaugh
2008,78.25,74.5,97.5,5.6,,,Stanley Burrell
2008,83.25,83,108,10.8,,,Brian Butch
2008,76.75,73.5,97,6,,,Jamar Butler
2008,81.75,81.75,106,7.3,,,Pat Calathes
2008,84.5,81.5,109,16.1,,,Chris Daniels
2008,83.5,79.5,105,5.3,,,Marcus Dove
2008,83.5,81,104.5,5.4,,,Josh Duncan
2008,87.25,80.75,106,4.5,,,Frank Elegar
2008,83.25,77.75,104.5,6.5,,,Gary Forbes
2008,86.5,84.25,111.5,6.9,,,Vladimir Golubovic
2008,82.25,79.75,106,17.4,,,Kentrell Gransberry
2008,85.25,77.25,104.5,3.6,,,Kyle Hines
2008,82.75,83,109,8.8,,,Jiri Hubalek
2008,87,79.5,109.5,6.4,,,Othello Hunter
2008,89,81,111,9.2,,,Shawn James
2008,81.5,78.5,105,12,,,Davon Jefferson
2008,84.25,80.5,107,12.2,,,Joseph Jones
2008,80.5,76.25,103.5,9,,,Marcelus Kemp
2008,85.25,82,109.5,10.6,,,Longar Longar
2008,85,82.75,109.5,10.1,,,Aleks Maric
2008,85.75,79.75,105,8.8,,,James Mays
2008,74.5,72.75,95,6.2,,,Drew Neitzel
2008,82,74.25,98.5,4.5,,,DeMarcus Nelson
2008,85,83.5,109.5,9,,,David Padgett
2008,77,73.5,96,7.6,,,Jeremy Pargo
2008,82.5,79.75,103.5,6.5,,,Quan Prowell
2008,85,81,107.5,13.8,,,Shaun Pruitt
2008,83.25,80.25,107.5,10.7,,,Charles Rhodes
2008,92.75,84,,11,,,John Riek
2008,73.25,73.25,95,3.6,,,Brian Roberts
2008,80,73.5,100.5,7.4,,,Russell Robinson
2008,81.75,77.5,104,9.2,,,Richard Roby
2008,76.25,73.5,97.5,8.1,,,Ronald Steele
2008,81,76.25,99.5,8.3,,,Bryce Taylor
2008,83,75.5,103.5,6.7,,,Mark Tyndale
2008,81.25,76,103,5.3,,,Reggie Williams
2009,86,78.5,107.5,7.9,,,Jeff Adrien
2009,81,77.5,102.5,7.1,,,Dionte Christmas
2009,85.25,83,108,10.8,,,Josh Heytvelt
2009,82.25,80.25,105,10.1,,,Joe Ingles
2009,79.25,75,99.5,5.4,,,Jerel McNeal
2009,81.75,78,104.5,7,,,Tyler Smith
2010,74.5,71.75,94,9.2,8.5,9.5,Sherron Collins
2010,88.5,81.5,109.5,15.1,9.25,10.5,Keith Gallon
2010,85.75,81.25,107.5,7,8.75,9,Charles Garcia
2010,79.25,77.5,102,3.8,8.5,9,Manny Harris
2010,81,78.25,100.5,11.6,8.75,10.75,Sylven Landesberg
2010,85,83.75,109.5,6,9,10.5,Artsiom Parakhouski
2010,75.25,78,99,5.4,7.75,9.5,Jon Scheyer
2010,79.5,77,103,7,8.75,9.5,Mikhail Torrance
2011,87.25,82,107.5,8,9,10.75,Michael Dunigan
2011,78.25,76,101,5.5,9,10.25,LaceDarius Dunn
2011,76.5,74.5,96.5,7.7,8,8.5,James Fredette
2011,82.5,78.5,103.5,4.8,8.5,10,Scotty Hopson
2011,86,81.25,106.5,8.3,8.75,9.5,Rick Jackson
2011,80,78.5,101,6.5,9,10,David Lighty
2011,78.25,75.25,99.5,6.1,8.5,9,Demetri McCamey
2011,82.25,79.25,106.5,5.5,8.75,9.5,Jereme Richmond
2011,85.25,80,106.5,9.8,8.5,8.5,Jamie Skeen
2011,86.5,81.25,106.5,7.4,9.75,12,Gregory Smith
2011,84.5,80.75,107.5,5.9,9.5,10.5,Malcolm Thomas
2012,77.25,74.25,96,12.5,7.75,8.25,J'Covan Brown
2012,81.5,77,102,11.3,8.75,10,William Buford
2012,83.5,80.75,103.5,9.1,8.5,9.75,Drew Gordon
2012,86.25,81,106.5,9.8,9.25,9.25,JaMychal Green
2012,77.5,71.75,94.5,8.5,8.75,10,Tu Holloway
2012,85.5,79.5,105,11.2,9,7.75,Kevin Jones
2012,76,74,94.5,5.8,8.5,9.5,Scott Machado
2012,88,83.75,108,7.7,9.25,10,Henry Sims
2012,75,74,92.5,5.5,8.25,9.5,Jordan Taylor
2012,81.5,80,102.5,6,8.25,9.75,Hollis Thompson
2013,78,77.25,100.5,4.6,8.5,9.5,Vander Blue
2013,85.5,81,107,5.8,9,10.25,Jackie Carmichael
2013,84.25,79,105,6.85,9.25,10.25,Will Clyburn
2013,85.75,79.5,106,4.7,9,8.5,Robert Covington
2013,76,75,97.5,9.6,8,8.25,Seth Curry
2013,85.5,82.25,108.5,8.6,9,11,Brandon Davies
2013,88,83.5,109,8.35,9,11,Dewayne Dedmon
2013,82.25,79.5,105.5,8.75,8.75,9.5,Richard Howell
2013,78.25,74.75,98,6,8.25,9,Myck Kabongo
2013,87,82,106.5,7.45,9,10.25,Kenny Kadji
2013,86.25,80.75,104.5,7.95,8.75,9,CJ Leslie
2013,88,80,106.5,5.9,9.5,11.5,Trevor Mbakwe
2013,82.25,76,98,5.25,8.5,9.5,Brandon Paul
2013,86.5,82.5,109,5.15,8.75,9.5,Norvel Pelle
2013,74.25,71.5,92,4.7,7.75,9.75,Phil Pressey
2013,85,80,106,8.05,8,9.5,James Southerland
2013,85,77.75,99,7.5,9.25,9.5,Adonis Thomas
2013,80.25,75.5,99,4.7,8.5,9.5,BJ Young
2014,88,86,108.5,7.45,9.25,10,Jordan Bachynski
2014,85,81.25,107,6,9,8.5,Khem Birch
2014,80.25,76.25,100,6.05,9,9.25,Jabari Brown
2014,79,73.25,97.5,7.65,8.25,8,Deonte Burton
2014,74,73.75,94.5,6.1,7.75,8.5,Aaron Craft
2014,83.25,79,103.5,6.45,8.75,9.25,Melvin Ejim
2014,81.5,80,104,5.05,9,9,C.J. Fair
2014,79,76.25,99,9.2,9,9,Sean Kilpatrick
2014,87.5,82.75,109.5,13.6,9.25,10.5,Alex Kirk
2014,86.25,80.75,106.5,6.15,9.25,9,James McAdoo
2014,85.75,79.5,106,16.3,8.75,9.75,LaQuinton Ross
2014,77.5,75.75,99,7.2,8,7.75,Kendall Williams
2014,85.75,82,103.5,5.45,9.25,9.5,Patric Young
2015,87.5,80.5,109.5,5.8,9.5,10.25,Cliff Alexander
2015,87.75,80.5,105,8.8,9,9.5,Brandon Ashley
2015,72.5,71,92.5,6.6,7.5,8.75,Ryan Boatright
2015,76,74,96.5,6.7,7.5,8.75,Quinn Cook
2015,80,76.25,101.5,7.4,8.25,9.25,Michael Frazier II
2015,82.5,77.75,103,5.5,8.5,8.25,Treveon Graham
2015,80.25,78,100.5,6,8.75,10,Aaron Harrison
2015,80,73.75,99.5,5.5,8.75,9,Corey Hawkins
2015,83.5,81.25,107.5,7.2,8.25,9.5,Jonathan Holmes
2015,83,79.5,104.5,4.6,9,8.75,Vince Hunter
2015,74,74,96.5,7.3,7.5,7,TJ McConnell
2015,85.5,80.5,108,6.4,9,9.75,Larry Nance
2015,83.25,78,104.5,4.9,8.25,8.25,Terran Petteway
2015,84.25,77,104.5,4,9,10.25,Michael Qualls
2015,79,73.5,96.5,4.5,8.5,9.5,Chasson Randle
2015,74,71.75,93,5,8.5,9.5,Keifer Sykes
2015,89.5,84,113,12.5,10,11,Robert Upshaw
2015,86.75,81.25,108,5.1,9,9,Chris Walker
2015,81.5,76,100.5,8.1,8.75,9.75,Dez Wells
2015,85.75,80.25,106.5,12,8.5,9.5,Alan Williams
2015,87.25,82.5,111.5,14.7,9.25,10.75,Christian Wood
2016,81.75,76.25,97.5,7.85,8.75,9.5,Ron Baker
2016,77.5,74.75,95.5,4.5,8,8.5,Cat Barber
2016,82,78.25,100.5,6.35,8.5,10.25,Elgin Cook
2016,82.25,80.25,102,4.6,8,8.5,Perry Ellis
2016,83.75,79.75,105.5,6.45,9,9.75,Dorian Finney-Smith
2016,87,82.25,107.5,5.35,9,9,Marcus Lee
2016,80,75,99.5,3.95,8.75,9.5,Gary Payton II
2016,82.5,77.75,101,7.3,9,9.25,Wayne Selden
2016,83.5,81.75,104,6,8.75,9,Jarrod Uthoff
2016,80.25,78.75,102,10,8.25,9.25,Troy Williams
2016,84.25,82,102.5,15.25,8.25,9.5,Kyle Wiltjer
2017,82,78.75,105,11.9,9.25,9.75,Jamel Artis
2017,82.25,80,104.5,6.8,8.5,9,V.J. Beachem
2017,88,81.5,110.5,5.4,9.25,10.5,Chris Boucher
2017,81,74.75,99.5,11,9,9.25,Isaiah Briscoe
2017,83,78.75,101,6.1,8.5,9.5,PJ Dozier
2017,87.25,79.25,104.5,11.5,8.75,10,Nigel Hayes
2017,84.5,80.5,105,7.7,8.75,9.75,Isaiah Hicks
2017,80,77.75,102,11,8.25,9.5,Peter Jok
2017,85,82.25,106,11.5,8.75,8.75,Kennedy Meeks
2017,88,80.75,108,,9,9.5,Johnathan Motley
2017,85.25,80.25,106.5,7.7,9.5,10.25,Cameron Oliver
2017,84.75,80.25,106,3.2,9.25,10.25,Devin Robinson
2017,78,76.5,99,5,8.5,9.5,Kobi Simmons
2017,74,74.5,95.5,10.6,8,8.75,Melo Trimble
2017,74.5,72.75,95,5.8,8,8.5,Derrick Walton Jr.
2017,85,83.75,108.5,7.6,9,10.5,Omer Yurtseven
2018,80.75,75.75,99,8.9,8.5,10,Rawle Alkins
2018,91,84.25,112.5,7.95,9.5,10,Udoka Azubuike
2018,75.5,74.25,96.5,11.65,8,8.25,Jaylen Barford
2018,81,78.75,102,4,8.5,9.25,Tyus Battle
2018,82.25,79.5,103.5,7.6,9,10,Brian Bowen
2018,80.25,74.5,97.5,5.2,8.75,10,Trevon Duval
2018,77.25,75,98,6.5,8.5,8,Keenan Evans
2018,89,86.75,111.5,12.55,10,10.5,Isaac Haas
2018,84,79.5,106.5,7.35,9.25,10,Sagaba Konate
2018,82,78,101.5,7,8.5,8.75,Caleb Martin
2018,84.5,80.5,107.5,8.1,9.25,10,Yante Maten
2018,86,84.5,110.5,8.7,9.75,9.5,Brandon McCoy
2018,77.5,75.5,98.5,6.25,8.5,9.5,Malik Newman
2018,82.75,78.75,103.5,7.35,9,9,Theo Pinson
2018,86,82.5,108,5.45,9.25,9.5,Billy Preston
2018,78.75,77.25,98,4.95,8.25,10.5,Allonzo Trier
2018,86.5,80,107,6.85,9,10.25,PJ Washington
2018,89,82,111,5,9.75,10.25,Austin Wiley
2018,79.25,79.5,103.5,5.95,8.5,9.75,Kenrich Williams
2019,87.5,82,109.5,8.5,9.25,9.5,Charles Bassey
2019,82,79.5,103,6.5,8.5,9.75,Brian Bowen II
2019,79,74.25,98,4.9,8.25,9,Ky Bowman
2019,84,80,104,2.9,9,9.5,O'Shae Brissett
2019,88.75,86.5,113,7.8,9.5,10.25,Moses Brown
2019,84.5,80.75,106.5,6.1,9.5,10.75,Tyler Cook
2019,80.75,76.5,101,4.1,9.25,10.75,Terence Davis
2019,80.5,76.25,99.5,5,8.5,9,Luguentz Dort
2019,75.25,74,95.5,5.9,8.25,9.5,Devon Dotson
2019,98.25,91,122.5,6.8,10.5,10.5,Tacko Fall
2019,79.75,77.25,100.5,8.4,8.25,10,Quentin Grimes
2019,77.5,71,94,3.9,8.25,9.5,Jared Harper
2019,84.75,81,105.5,6.7,8.75,9.75,Jalen Hoard
2019,83.25,77,104,3.9,9.5,10.25,DaQuan Jeffries
2019,84.25,80,104.5,4.8,8,8.5,Louis King
2019,86.25,80.5,107.5,8.9,9.75,9.75,Dedric Lawson
2019,80.5,76.25,98.5,4,8.75,8.5,Jalen Lecque
2019,81.5,78.25,103,3.8,8.5,8.75,Charles Matthews
2019,78,77.5,101,7.5,8.5,9.5,Zach Norvell Jr.
2019,82.5,79.5,103,7.8,8.5,9.25,Jordan Nwora
2019,84.5,81.25,106,6.7,9,10,Reggie Perry
2019,75.5,72.5,96.5,9.8,7.75,8,Shamorie Ponds
2019,84,83.5,109.5,8.5,8.75,9.5,Jontay Porter
2019,88.25,84.25,111.5,6.3,9.5,11,Neemias Queta
2019,87.25,81.5,109,14,9.5,9.25,Naz Reid
2019,85.25,81.5,106,6.2,8.75,8.5,Simisola Shittu
2019,,,,,,,Killian Tillie
2019,82.75,79.5,103,4.9,8.5,9.5,Kris Wilkes
