name,draft_year,draft_number,college
Derrick Coleman,1990,1,Syracuse
Gary Payton,1990,2,Oregon State
Mahmoud Abdul-Rauf,1990,3,Louisiana State
Dennis Scott,1990,4,Georgia Tech
Kendall Gill,1990,5,Illinois
Felton Spencer,1990,6,Louisville
Lionel Simmons,1990,7,La Salle
Bo Kimble,1990,8,Loyola-Marymount
Willie Burton,1990,9,Minnesota
Rumeal Robinson,1990,10,Michigan
Tyrone Hill,1990,11,Xavier
Alec Kessler,1990,12,Georgia
Loy Vaught,1990,13,Michigan
Travis Mays,1990,14,Texas
Dave Jamerson,1990,15,Ohio
Terry Mills,1990,16,Michigan
Jerrod Mustaf,1990,17,Maryland
Duane Causwell,1990,18,Temple
Dee Brown,1990,19,Jacksonville
Gerald Glass,1990,20,Mississippi
Jayson Williams,1990,21,St. John's (NY)
Tate George,1990,22,Connecticut
Anthony Bonner,1990,23,Saint Louis
Dwayne Schintzius,1990,24,Florida
Alaa Abdelnaby,1990,25,Duke
Lance Blanks,1990,26,Texas
Elden Campbell,1990,27,Clemson
Les Jepsen,1990,28,Iowa
Toni Kukoc,1990,29,none
Carl Herrera,1990,30,Houston
Negele Knight,1990,31,Dayton
Brian Oliver,1990,32,Georgia Tech
Walter Palmer,1990,33,Dartmouth
Kevin Pritchard,1990,34,Kansas
Greg Foster,1990,35,Texas-El Paso
Trevor Wilson,1990,36,California-Los Angeles
A.J. English,1990,37,Virginia Union
Jud Buechler,1990,38,Arizona
Steve Scheffler,1990,39,Purdue
Bimbo Coles,1990,40,Virginia Tech
Stephen Bardo,1990,41,Illinois
Marcus Liberty,1990,42,Illinois
Tony Massenburg,1990,43,Maryland
Steve Henson,1990,44,Kansas State
Antonio Davis,1990,45,Texas-El Paso
Kenny Williams,1990,46,Elizabeth City State
Derek Strong,1990,47,Xavier
Cedric Ceballos,1990,48,Cal State-Fullerton
Phil Henderson,1990,49,Duke
Milos Babic,1990,50,Tennessee Tech
Tony Smith,1990,51,Marquette
Stefano Rusconi,1990,52,none
Abdul Shamsid-Deen,1990,53,Providence
Sean Higgins,1990,54,Michigan
Keith Askins,1990,undrafted,Alabama 
Cedric Ball,1990,undrafted,Charlotte 
David Benoit,1990,undrafted,Alabama 
Matt Bullard,1990,undrafted,Iowa 
Rick Calloway,1990,undrafted,Indiana 
Richard Coffey,1990,undrafted,Minnesota 
Marty Conlon,1990,undrafted,Providence 
Michael Curry,1990,undrafted,Georgia Southern 
Dan Godfread,1990,undrafted,Providence 
Tony Harris,1990,undrafted,New Orleans 
Skeeter Henry,1990,undrafted,Oklahoma 
Brian Howard,1990,undrafted,NC State 
Kurk Lee,1990,undrafted,Towson State 
Ian Lockhart,1990,undrafted,Tennessee 
Tharon Mayes,1990,undrafted,Florida State 
Chris Munk,1990,undrafted,USC 
Melvin Newbern,1990,undrafted,Minnesota 
Dan O'Sullivan,1990,undrafted,Fordham 
Alan Ogg,1990,undrafted,UAB 
Anthony Pullard,1990,undrafted,McNeese State 
Eldridge Recasner,1990,undrafted,Washington 
Larry Robinson,1990,undrafted,Centenary 
Irving Thomas,1990,undrafted,Florida State 
Stephen Thompson,1990,undrafted,Syracuse 
Andy Toolson,1990,undrafted,BYU 
Scott Williams,1990,undrafted,North Carolina 
Larry Johnson,1991,1,Nevada-Las Vegas
Kenny Anderson,1991,2,Georgia Tech
Billy Owens,1991,3,Syracuse
Dikembe Mutombo,1991,4,Georgetown
Steven Smith,1991,5,Michigan State
Doug Smith,1991,6,Missouri
Luc Longley,1991,7,New Mexico
Mark Macon,1991,8,Temple
Stacey Augmon,1991,9,Nevada-Las Vegas
Bison Dele,1991,10,Arizona
Terrell Brandon,1991,11,Oregon
Greg Anthony,1991,12,Nevada-Las Vegas
Dale Davis,1991,13,Clemson
Rich King,1991,14,Nebraska
Anthony Avent,1991,15,Seton Hall
Chris Gatling,1991,16,Old Dominion
Victor Alexander,1991,17,Iowa State
Kevin Brooks,1991,18,Louisiana-Lafayette
Labradford Smith,1991,19,Louisville
John Turner,1991,20,Phillips
Eric Murdock,1991,21,Providence
LeRon Ellis,1991,22,Syracuse
Stanley Roberts,1991,23,Louisiana State
Rick Fox,1991,24,North Carolina
Shaun Vandiver,1991,25,Colorado
Mark Randall,1991,26,Kansas
Pete Chilcutt,1991,27,North Carolina
Kevin Lynch,1991,28,Minnesota
George Ackles,1991,29,Nevada-Las Vegas
Rodney Monroe,1991,30,North Carolina State
Randy Brown,1991,31,New Mexico State
Chad Gallagher,1991,32,Creighton
Donald Hodge,1991,33,Temple
Myron Brown,1991,34,Slippery Rock
Mike Iuzzolino,1991,35,Saint Francis (PA)
Chris Corchiani,1991,36,North Carolina State
Elliot Perry,1991,37,Memphis
Joe Wylie,1991,38,Miami (FL)
Jimmy Oliver,1991,39,Purdue
Doug Overton,1991,40,La Salle
Sean Green,1991,41,Iona
Steve Hood,1991,42,James Madison
Lamont Strothers,1991,43,Christopher Newport
Alvaro Teheran,1991,44,Houston
Bobby Phills,1991,45,Southern University
Richard Dumas,1991,46,Oklahoma State
Keith Hughes,1991,47,Rutgers
Ike Austin,1991,48,Arizona State
Greg Sutton,1991,49,Oral Roberts
Joey Wright,1991,50,Texas
Zan Tabak,1991,51,none
Anthony Jones,1991,52,Oral Roberts
Von McDade,1991,53,Milwaukee
Marcus Kennedy,1991,54,Eastern Michigan
Darrell Armstrong,1991,undrafted,Fayetteville State 
James Blackwell,1991,undrafted,Dartmouth 
Walter Bond,1991,undrafted,Minnesota 
Demetrius Calip,1991,undrafted,Michigan 
John Crotty,1991,undrafted,Virginia 
Emanual Davis,1991,undrafted,Delaware State 
Patrick Eddie,1991,undrafted,Ole Miss 
Tony Farmer,1991,undrafted,Nebraska 
Jay Guidinger,1991,undrafted,Minnesota–Duluth 
Reggie Hanson,1991,undrafted,Kentucky 
Jerome Harmon,1991,undrafted,Louisville 
Keith Jennings,1991,undrafted,East Tennessee State 
Reggie Jordan,1991,undrafted,New Mexico State 
Cedric Lewis,1991,undrafted,Maryland 
Keith Owens,1991,undrafted,UCLA 
Robert Pack,1991,undrafted,USC 
Larry Stewart,1991,undrafted,Coppin State 
Brett Szabo,1991,undrafted,Augustana 
Carl Thomas,1991,undrafted,Eastern Michigan 
Charles Thomas,1991,undrafted,Eastern Michigan 
Donald Whiteside,1991,undrafted,Northern Illinois 
Lorenzo Williams,1991,undrafted,Stetson 
Travis Williams,1991,undrafted,South Carolina State 
Shaquille O'Neal,1992,1,Louisiana State
Alonzo Mourning,1992,2,Georgetown
Christian Laettner,1992,3,Duke
Jim Jackson,1992,4,Ohio State
LaPhonso Ellis,1992,5,Notre Dame
Tom Gugliotta,1992,6,North Carolina State
Walt Williams,1992,7,Maryland
Todd Day,1992,8,Arkansas
Clar. Weatherspoon,1992,9,Southern Mississippi
Adam Keefe,1992,10,Stanford
Robert Horry,1992,11,Alabama
Harold Miner,1992,12,Southern California
Bryant Stith,1992,13,Virginia
Malik Sealy,1992,14,St. John's (NY)
Anthony Peeler,1992,15,Missouri
Randy Woods,1992,16,La Salle
Doug Christie,1992,17,Pepperdine
Tracy Murray,1992,18,California-Los Angeles
Don MacLean,1992,19,California-Los Angeles
Hubert Davis,1992,20,North Carolina
Jon Barry,1992,21,Georgia Tech
Oliver Miller,1992,22,Arkansas
Lee Mayberry,1992,23,Arkansas
Latrell Sprewell,1992,24,Alabama
Elmore Spencer,1992,25,Nevada-Las Vegas
Dave Johnson,1992,26,Syracuse
Byron Houston,1992,27,Oklahoma State
Marlon Maxey,1992,28,Texas-El Paso
P.J. Brown,1992,29,Louisiana Tech
Sean Rooks,1992,30,Arizona
Reggie Smith,1992,31,Texas Christian
Brent Price,1992,32,Oklahoma
Corey Williams,1992,33,Oklahoma State
Chris Smith,1992,34,Connecticut
Tony Bennett,1992,35,Wisconsin-Green Bay
Duane Cooper,1992,36,Southern California
Isaiah Morris,1992,37,Arkansas
Elmer Bennett,1992,38,Notre Dame
Litterial Green,1992,39,Georgia
Steve Rogers,1992,40,Alabama State
Popeye Jones,1992,41,Murray State
Matt Geiger,1992,42,Georgia Tech
Sasha Danilovic,1992,43,none
Henry Williams,1992,44,North Carolina-Charlotte
Chris King,1992,45,Wake Forest
Robert Werdann,1992,46,St. John's (NY)
Darren Morningstar,1992,47,Pittsburgh
Brian Davis,1992,48,Duke
Ron Ellis,1992,49,Louisiana Tech
Matt Fish,1992,50,North Carolina-Wilmington
Tim Burroughs,1992,51,Jacksonville
Matt Steigenga,1992,52,Michigan State
Curtis Blair,1992,53,Richmond
Brett Roberts,1992,54,Morehead State
Gary Alexander,1992,undrafted,South Florida 
Eric Anderson,1992,undrafted,Indiana 
Mark Baker,1992,undrafted,Ohio State 
Alex Blackwell,1992,undrafted,Monmouth 
Marques Bragg,1992,undrafted,Providence 
Tim Breaux,1992,undrafted,Wyoming 
Dexter Cambridge,1992,undrafted,Texas 
Joe Courtney,1992,undrafted,Southern Miss 
Dell Demps,1992,undrafted,Pacific 
Harold Ellis,1992,undrafted,Morehouse 
Jo Jo English,1992,undrafted,South Carolina 
Stephen Howard,1992,undrafted,DePaul 
Chris Jent,1992,undrafted,Ohio State 
Sam Mack,1992,undrafted,Houston 
Gerald Madkins,1992,undrafted,UCLA 
Bob Martin,1992,undrafted,Minnesota 
Darrick Martin,1992,undrafted,UCLA 
Matt Othick,1992,undrafted,Arizona 
Reggie Slater,1992,undrafted,Wyoming 
Mark Strickland,1992,undrafted,Temple 
Keith Tower,1992,undrafted,Notre Dame 
Anthony Tucker,1992,undrafted,Wake Forest 
Marcus Webb,1992,undrafted,Alabama 
David Wesley,1992,undrafted,Baylor 
Chris Webber,1993,1,Michigan
Shawn Bradley,1993,2,Brigham Young
Anfernee Hardaway,1993,3,Memphis
Jamal Mashburn,1993,4,Kentucky
Isaiah Rider,1993,5,Nevada-Las Vegas
Calbert Cheaney,1993,6,Indiana
Bobby Hurley,1993,7,Duke
Vin Baker,1993,8,Hartford
Rodney Rogers,1993,9,Wake Forest
Lindsey Hunter,1993,10,Jackson State
Allan Houston,1993,11,Tennessee
George Lynch,1993,12,North Carolina
Terry Dehere,1993,13,Seton Hall
Scott Haskin,1993,14,Oregon State
Doug Edwards,1993,15,Florida State
Rex Walters,1993,16,Kansas
Greg Graham,1993,17,Indiana
Luther Wright,1993,18,Seton Hall
Acie Earl,1993,19,Iowa
Scott Burrell,1993,20,Connecticut
James Robinson,1993,21,Alabama
Chris Mills,1993,22,Arizona
Ervin Johnson,1993,23,New Orleans
Sam Cassell,1993,24,Florida State
Corie Blount,1993,25,Cincinnati
Geert Hammink,1993,26,Louisiana State
Malcolm Mackey,1993,27,Georgia Tech
Lucious Harris,1993,28,Long Beach State
Sherron Mills,1993,29,Virginia Commonwealth
Gheorghe Muresan,1993,30,none
Evers Burns,1993,31,Maryland
Alphonso Ford,1993,32,Mississippi Valley State
Eric Riley,1993,33,Michigan
Darnell Mee,1993,34,Western Kentucky
Ed Stokes,1993,35,Arizona
John Best,1993,36,Tennessee Tech
Nick Van Exel,1993,37,Cincinnati
Conrad McRae,1993,38,Syracuse
Thomas Hill,1993,39,Duke
Richard Manning,1993,40,Washington
Anthony Reed,1993,41,Tulane
Adonis Jordan,1993,42,Kansas
Josh Grant,1993,43,Utah
Alex Holcombe,1993,44,Baylor
Bryon Russell,1993,45,Long Beach State
Richard Petruska,1993,46,California-Los Angeles
Chris Whitney,1993,47,Clemson
Kevin Thompson,1993,48,North Carolina State
Mark Buford,1993,49,Mississippi Valley State
Marcelo Nicola,1993,50,none
Spencer Dunkley,1993,51,Delaware
Mike Peplowski,1993,52,Michigan State
Leonard White,1993,53,Southern University
Byron Wilson,1993,54,Utah
Ashraf Amaya,1993,undrafted,Southern Illinois 
Dexter Boney,1993,undrafted,UNLV 
Bruce Bowen,1993,undrafted,Cal State Fullerton 
Mitchell Butler,1993,undrafted,UCLA 
Bill Edwards,1993,undrafted,Wright State 
Evric Gray,1993,undrafted,UNLV 
Antonio Harvey,1993,undrafted,Pfeiffer 
Stanley Jackson,1993,undrafted,UAB 
Warren Kidd,1993,undrafted,Middle Tennessee 
Todd Mundt,1993,undrafted,Delta State 
Julius Nwosu,1993,undrafted,Liberty 
Bo Outlaw,1993,undrafted,Houston 
Brent Scott,1993,undrafted,Rice 
Matt Wenstrom,1993,undrafted,North Carolina 
Aaron Williams,1993,undrafted,Xavier 
Glenn Robinson,1994,1,Purdue
Jason Kidd,1994,2,California
Grant Hill,1994,3,Duke
Donyell Marshall,1994,4,Connecticut
Juwan Howard,1994,5,Michigan
Sharone Wright,1994,6,Clemson
Lamond Murray,1994,7,California
Brian Grant,1994,8,Xavier
Eric Montross,1994,9,North Carolina
Eddie Jones,1994,10,Temple
Carlos Rogers,1994,11,Tennessee State
Khalid Reeves,1994,12,Arizona
Jalen Rose,1994,13,Michigan
Yinka Dare,1994,14,George Washington
Eric Piatkowski,1994,15,Nebraska
Clifford Rozier,1994,16,Louisville
Aaron McKie,1994,17,Temple
Eric Mobley,1994,18,Pittsburgh
Tony Dumas,1994,19,Missouri-Kansas City
B.J. Tyler,1994,20,Texas
Dickey Simpkins,1994,21,Providence
Bill Curley,1994,22,Boston College
Wesley Person,1994,23,Auburn
Monty Williams,1994,24,Notre Dame
Greg Minor,1994,25,Louisville
Charlie Ward,1994,26,Florida State
Brooks Thompson,1994,27,Oklahoma State
Deon Thomas,1994,28,Illinois
Antonio Lang,1994,29,Duke
Howard Eisley,1994,30,Boston College
Rodney Dent,1994,31,Kentucky
Jim McIlvaine,1994,32,Marquette
Derrick Alston,1994,33,Duquesne
Gaylon Nickerson,1994,34,Oklahoma State
Michael Smith,1994,35,Providence
Andrei Fetisov,1994,36,none
Dontonio Wingfield,1994,37,Cincinnati
Darrin Hancock,1994,38,Kansas
Anthony Miller,1994,39,Michigan State
Jeff Webster,1994,40,Oklahoma
William Njoku,1994,41,Saint Mary's (CAN)
Gary Collier,1994,42,Tulsa
Shawnelle Scott,1994,43,St. John's (NY)
Damon Bailey,1994,44,Indiana
Dwayne Morton,1994,45,Louisville
Voshon Lenard,1994,46,Minnesota
Jamie Watson,1994,47,South Carolina
Jevon Crudup,1994,48,Missouri
Kris Bruton,1994,49,Benedict
Charles Claxton,1994,50,Georgia
Lawrence Funderburke,1994,51,Ohio State
Anthony Goldwire,1994,52,Houston
Albert Burditt,1994,53,Texas
Zeljko Rebraca,1994,54,none
Melvin Booker,1994,undrafted,Missouri 
Jimmy Carruth,1994,undrafted,Virginia Tech 
Robert Churchwell,1994,undrafted,Georgetown 
Thomas Hamilton,1994,undrafted,Pittsburgh 
Malcolm Huckaby,1994,undrafted,Boston College 
Askia Jones,1994,undrafted,Kansas State 
Ryan Lorthridge,1994,undrafted,Jackson State 
Ivano Newbill,1994,undrafted,Georgia Tech 
Derrick Phelps,1994,undrafted,North Carolina 
Trevor Ruffin,1994,undrafted,Hawaii 
Kevin Salvadori,1994,undrafted,North Carolina 
Stevin Smith,1994,undrafted,Arizona State 
Aaron Swinson,1994,undrafted,Auburn 
Logan Vander Velden,1994,undrafted,Green Bay 
Fred Vinson,1994,undrafted,Georgia Tech 
Joe Smith,1995,1,Maryland
Antonio McDyess,1995,2,Alabama
Jerry Stackhouse,1995,3,North Carolina
Rasheed Wallace,1995,4,North Carolina
Kevin Garnett,1995,5,none
Bryant Reeves,1995,6,Oklahoma State
Damon Stoudamire,1995,7,Arizona
Shawn Respert,1995,8,Michigan State
Ed O'Bannon,1995,9,California-Los Angeles
Kurt Thomas,1995,10,Texas Christian
Gary Trent,1995,11,Ohio
Cherokee Parks,1995,12,Duke
Corliss Williamson,1995,13,Arkansas
Eric Williams,1995,14,Providence
Brent Barry,1995,15,Oregon State
Alan Henderson,1995,16,Indiana
Bob Sura,1995,17,Florida State
Theo Ratliff,1995,18,Wyoming
Randolph Childress,1995,19,Wake Forest
Jason Caffey,1995,20,Alabama
Michael Finley,1995,21,Wisconsin
George Zidek,1995,22,California-Los Angeles
Travis Best,1995,23,Georgia Tech
Loren Meyer,1995,24,Iowa State
David Vaughn,1995,25,Memphis
Sherell Ford,1995,26,Illinois-Chicago
Mario Bennett,1995,27,Arizona State
Greg Ostertag,1995,28,Kansas
Cory Alexander,1995,29,Virginia
Lou Roe,1995,30,Massachusetts
Dragan Tarlac,1995,31,none
Terrence Rencher,1995,32,Texas
Junior Burrough,1995,33,Virginia
Andrew DeClercq,1995,34,Florida
Jimmy King,1995,35,Michigan
Lawrence Moten,1995,36,Syracuse
Frankie King,1995,37,Western Carolina
Rashard Griffith,1995,38,Wisconsin
Donny Marshall,1995,39,Connecticut
Dwayne Whitfield,1995,40,Jackson State
Erik Meek,1995,41,Duke
Donnie Boyce,1995,42,Colorado
Eric Snow,1995,43,Michigan State
Anthony Pelle,1995,44,Fresno State
Troy Brown,1995,45,Providence
George Banks,1995,46,Texas-El Paso
Tyus Edney,1995,47,California-Los Angeles
Mark Davis,1995,48,Texas Tech
Jerome Allen,1995,49,Pennsylvania
Martin Lewis,1995,50,Seward County Community College
Dejan Bodiroga,1995,51,none
Fred Hoiberg,1995,52,Iowa State
Constantin Popa,1995,53,Miami (FL)
Aurelijius Zukauskas,1995,54,none
Michael McDonald,1995,55,New Orleans
Chris Carr,1995,56,Southern Illinois
Cuonzo Martin,1995,57,Purdue
Don Reid,1995,58,Georgetown
John Amaechi,1995,undrafted,Penn State 
Corey Beck,1995,undrafted,Arkansas 
Rick Brunson,1995,undrafted,Temple 
John Coker,1995,undrafted,Boise State 
Dan Cross,1995,undrafted,Florida 
Nate Driggers,1995,undrafted,Montevallo 
Devin Gray,1995,undrafted,Clemson 
Michael Hawkins,1995,undrafted,Xavier 
Gerard King,1995,undrafted,Nicholls State 
Matt Maloney,1995,undrafted,Penn 
Howard Nathan,1995,undrafted,Northwest Arkansas CC 
Ruben Nembhard,1995,undrafted,Weber State 
Kevin Ollie,1995,undrafted,Connecticut 
Ray Owes,1995,undrafted,Arizona 
James Scott,1995,undrafted,St. John's 
Larry Sykes,1995,undrafted,Xavier 
David Vanterpool,1995,undrafted,St. Bonaventure 
Allen Iverson,1996,1,Georgetown
Marcus Camby,1996,2,Massachusetts
Shareef Abdur-Rahim,1996,3,California
Stephon Marbury,1996,4,Georgia Tech
Ray Allen,1996,5,Connecticut
Antoine Walker,1996,6,Kentucky
Lorenzen Wright,1996,7,Memphis
Kerry Kittles,1996,8,Villanova
Samaki Walker,1996,9,Louisville
Erick Dampier,1996,10,Mississippi State
Todd Fuller,1996,11,North Carolina State
Vitaly Potapenko,1996,12,Wright State
Kobe Bryant,1996,13,none
Peja Stojakovic,1996,14,none
Steve Nash,1996,15,Santa Clara
Tony Delk,1996,16,Kentucky
Jermaine O'Neal,1996,17,none
John Wallace,1996,18,Syracuse
Walter McCarty,1996,19,Kentucky
Zydrunas Ilgauskas,1996,20,none
Dontae' Jones,1996,21,Mississippi State
Roy Rogers,1996,22,Alabama
Efthimios Rentzias,1996,23,none
Derek Fisher,1996,24,Arkansas-Little Rock
Martin Muursepp,1996,25,none
Jerome Williams,1996,26,Georgetown
Brian Evans,1996,27,Indiana
Priest Lauderdale,1996,28,none
Travis Knight,1996,29,Connecticut
Othella Harrington,1996,30,Georgetown
Mark Hendrickson,1996,31,Washington State
Ryan Minor,1996,32,Oklahoma
Moochie Norris,1996,33,West Florida
Shawn Harvey,1996,34,West Virginia State
Joseph Blair,1996,35,Arizona
Doron Sheffer,1996,36,Connecticut
Jeff McInnis,1996,37,North Carolina
Steve Hamer,1996,38,Tennessee
Russ Millard,1996,39,Iowa
Marcus Mann,1996,40,Mississippi Valley State
Jason Sasser,1996,41,Texas Tech
Randy Livingston,1996,42,Louisiana State
Ben Davis,1996,43,Arizona
Malik Rose,1996,44,Drexel
Joe Vogel,1996,45,Colorado State
Marcus Brown,1996,46,Murray State
Ron Riley,1996,47,Arizona State
Jamie Feick,1996,48,Michigan State
Amal McCaskill,1996,49,Marquette
Terrell Bell,1996,50,Georgia
Chris Robinson,1996,51,Western Kentucky
Mark Pope,1996,52,Kentucky
Jeff Nordgaard,1996,53,Wisconsin-Green Bay
Shandon Anderson,1996,54,Georgia
Ronnie Henderson,1996,55,Louisiana State
Reggie Geary,1996,56,Arizona
Drew Barry,1996,57,Georgia Tech
Darnell Robinson,1996,58,Arkansas
Chucky Atkins,1996,undrafted,South Florida 
Ira Bowman,1996,undrafted,Penn 
William Cunningham,1996,undrafted,Temple 
Adrian Griffin,1996,undrafted,Seton Hall 
Darvin Ham,1996,undrafted,Texas Tech 
Ben Handlogten,1996,undrafted,Western Michigan 
Juaquin Hawkins,1996,undrafted,Long Beach State 
Rick Hughes,1996,undrafted,Thomas More 
Rusty LaRue,1996,undrafted,Wake Forest 
Horacio Llamas,1996,undrafted,Grand Canyon 
Art Long,1996,undrafted,Cincinnati 
Joe Stephens,1996,undrafted,Little Rock 
Erick Strickland,1996,undrafted,Nebraska 
Ben Wallace,1996,undrafted,Virginia Union 
Brandon Williams,1996,undrafted,Davidson 
Tim Duncan,1997,1,Wake Forest
Keith Van Horn,1997,2,Utah
Chauncey Billups,1997,3,Colorado
Antonio Daniels,1997,4,Bowling Green
Tony Battie,1997,5,Texas Tech
Ron Mercer,1997,6,Kentucky
Tim Thomas,1997,7,Villanova
Adonal Foyle,1997,8,Colgate
Tracy McGrady,1997,9,none
Danny Fortson,1997,10,Cincinnati
Tariq Abdul-Wahad,1997,11,San Jose State
Austin Croshere,1997,12,Providence
Derek Anderson,1997,13,Kentucky
Maurice Taylor,1997,14,Michigan
Kelvin Cato,1997,15,Iowa State
Brevin Knight,1997,16,Stanford
Johnny Taylor,1997,17,Tennessee-Chattanooga
Chris Anstey,1997,18,none
Scot Pollard,1997,19,Kansas
Paul Grant,1997,20,Wisconsin
Anthony Parker,1997,21,Bradley
Ed Gray,1997,22,California
Bobby Jackson,1997,23,Minnesota
Rodrick Rhodes,1997,24,Southern California
John Thomas,1997,25,Minnesota
Charles Smith,1997,26,New Mexico
Jacque Vaughn,1997,27,Kansas
Keith Booth,1997,28,Maryland
Serge Zwikker,1997,29,North Carolina
Mark Sanford,1997,30,Washington
Charles O'Bannon,1997,31,California-Los Angeles
James Cotton,1997,32,Long Beach State
Marko Milic,1997,33,none
Bubba Wells,1997,34,Austin Peay
Kebu Stewart,1997,35,Cal State-Bakersfield
James Collins,1997,36,Florida State
Marc Jackson,1997,37,Temple
Jerald Honeycutt,1997,38,Tulane
Anthony Johnson,1997,39,College of Charleston
Eddie Elisma,1997,40,Georgia Tech
Jason Lawson,1997,41,Villanova
Stephen Jackson,1997,42,Butler Community College
Gordon Malone,1997,43,West Virginia
Cedric Henderson,1997,44,Memphis
God Shammgod,1997,45,Providence
Eric Washington,1997,46,Alabama
Alvin Williams,1997,47,Villanova
Predrag Drobnjak,1997,48,none
Alain Digbeau,1997,49,none
Chris Crawford,1997,50,Marquette
DeJuan Wheat,1997,51,Louisville
C.J. Bruton,1997,52,Indian Hills Community College
Paul Rogers,1997,53,Gonzaga
Mark Blount,1997,54,Pittsburgh
Ben Pepper,1997,55,none
Nate Erdmann,1997,56,Oklahoma
Roberto Duenas,1997,57,none
Peter Aluma,1997,undrafted,Liberty 
Etdrick Bohannon,1997,undrafted,Auburn Montgomery 
Pat Burke,1997,undrafted,Auburn 
Keith Closs,1997,undrafted,Central Connecticut 
Reggie Freeman,1997,undrafted,Texas 
Chris Garner,1997,undrafted,Memphis 
Marlon Garnett,1997,undrafted,Santa Clara 
Kiwane Garris,1997,undrafted,Illinois 
Derek Grimm,1997,undrafted,Missouri 
Troy Hudson,1997,undrafted,Southern Illinois 
Nate Huffman,1997,undrafted,Central Michigan 
Damon Jones,1997,undrafted,Houston 
Jonathan Kerner,1997,undrafted,East Carolina 
Mikki Moore,1997,undrafted,Nebraska 
Ira Newble,1997,undrafted,Miami 
Mike Penberthy,1997,undrafted,The Master's 
Jamal Robinson,1997,undrafted,Virginia 
Shea Seals,1997,undrafted,Tulsa 
Alvin Sims,1997,undrafted,Louisville 
Michael Stewart,1997,undrafted,California 
Dedric Willoughby,1997,undrafted,Iowa State 
Trevor Winter,1997,undrafted,Minnesota 
Michael Olowokandi,1998,1,Pacific
Mike Bibby,1998,2,Arizona
Raef LaFrentz,1998,3,Kansas
Antawn Jamison,1998,4,North Carolina
Vince Carter,1998,5,North Carolina
Robert Traylor,1998,6,Michigan
Jason Williams,1998,7,Florida
Larry Hughes,1998,8,Saint Louis
Dirk Nowitzki,1998,9,none
Paul Pierce,1998,10,Kansas
Bonzi Wells,1998,11,Ball State
Michael Doleac,1998,12,Utah
Keon Clark,1998,13,Nevada-Las Vegas
Michael Dickerson,1998,14,Arizona
Matt Harpring,1998,15,Georgia Tech
Bryce Drew,1998,16,Valparaiso
Rasho Nesterovic,1998,17,none
Mirsad Turkcan,1998,18,none
Pat Garrity,1998,19,Notre Dame
Roshown McLeod,1998,20,Duke
Ricky Davis,1998,21,Iowa
Brian Skinner,1998,22,Baylor
Tyronn Lue,1998,23,Nebraska
Felipe Lopez,1998,24,St. John's (NY)
Al Harrington,1998,25,none
Sam Jacobson,1998,26,Minnesota
Vladimir Stepania,1998,27,none
Corey Benjamin,1998,28,Oregon State
Nazr Mohammed,1998,29,Kentucky
Ansu Sesay,1998,30,Mississippi
Ruben Patterson,1998,31,Cincinnati
Rashard Lewis,1998,32,none
Jelani McCoy,1998,33,California-Los Angeles
Shammond Williams,1998,34,North Carolina
Bruno Sundov,1998,35,none
Jerome James,1998,36,Florida A&M
Casey Shaw,1998,37,Toledo
DeMarco Johnson,1998,38,North Carolina-Charlotte
Rafer Alston,1998,39,Fresno State
Korleone Young,1998,40,none
Cuttino Mobley,1998,41,Rhode Island
Miles Simon,1998,42,Arizona
Jahidi White,1998,43,Georgetown
Sean Marks,1998,44,California
Toby Bailey,1998,45,California-Los Angeles
Andrae Patterson,1998,46,Indiana
Tyson Wheeler,1998,47,Rhode Island
Ryan Stack,1998,48,South Carolina
Cory Carr,1998,49,Texas Tech
Andrew Betts,1998,50,Long Beach State
Corey Brewer,1998,51,Oklahoma
Derrick Dial,1998,52,Eastern Michigan
Greg Buckner,1998,53,Clemson
Tremaine Fowlkes,1998,54,Fresno State
Ryan Bowen,1998,55,Iowa
J.R. Henderson,1998,56,California-Los Angeles
Torraye Braggs,1998,57,Xavier
Maceo Baston,1998,58,Michigan
Earl Boykins,1998,undrafted,Eastern Michigan 
Gerald Brown,1998,undrafted,Pepperdine 
Anthony Carter,1998,undrafted,Hawaii 
Sean Colson,1998,undrafted,Charlotte 
Rubén Garcés,1998,undrafted,Providence 
Steve Goodrich,1998,undrafted,Princeton 
Zendon Hamilton,1998,undrafted,St. John's 
Randell Jackson,1998,undrafted,Florida State 
Mike James,1998,undrafted,Duquesne 
Mark Jones,1998,undrafted,UCF 
Šar?nas Jasikevi?ius,1998,undrafted,Maryland 
Charles Jones,1998,undrafted,LIU Brooklyn 
Garth Joseph,1998,undrafted,Peristeri B.C. 
Kelly McCarty,1998,undrafted,Southern Miss 
Brad Miller,1998,undrafted,Purdue 
Makhtar N'Diaye,1998,undrafted,North Carolina 
Tyrone Nesby,1998,undrafted,UNLV 
Daniel Santiago,1998,undrafted,Saint Vincent 
Jeff Sheppard,1998,undrafted,Kentucky 
Billy Thomas,1998,undrafted,Kansas 
Elton Brand,1999,1,Duke
Steve Francis,1999,2,Maryland
Baron Davis,1999,3,California-Los Angeles
Lamar Odom,1999,4,Rhode Island
Jonathan Bender,1999,5,none
Wally Szczerbiak,1999,6,Miami (OH)
Richard Hamilton,1999,7,Connecticut
Andre Miller,1999,8,Utah
Shawn Marion,1999,9,Nevada-Las Vegas
Jason Terry,1999,10,Arizona
Trajan Langdon,1999,11,Duke
Aleksandar Radojevic,1999,12,Barton Community College
Corey Maggette,1999,13,Duke
William Avery,1999,14,Duke
Frederic Weis,1999,15,none
Metta World Peace,1999,16,St. John's (NY)
Cal Bowdler,1999,17,Old Dominion
James Posey,1999,18,Xavier
Quincy Lewis,1999,19,Minnesota
Dion Glover,1999,20,Georgia Tech
Jeff Foster,1999,21,Texas State
Kenny Thomas,1999,22,New Mexico
Devean George,1999,23,Augsburg
Andrei Kirilenko,1999,24,none
Tim James,1999,25,Miami (FL)
Vonteego Cummings,1999,26,Pittsburgh
Jumaine Jones,1999,27,Georgia
Scott Padgett,1999,28,Kentucky
Leon Smith,1999,29,none
John Celestand,1999,30,Villanova
Rico Hill,1999,31,Illinois State
Michael Ruffin,1999,32,Tulsa
Chris Herren,1999,33,Fresno State
Evan Eschmeyer,1999,34,Northwestern
Calvin Booth,1999,35,Penn State
Wang Zhi-zhi,1999,36,none
Obinna Ekezie,1999,37,Maryland
Laron Profit,1999,38,Maryland
A.J. Bramlett,1999,39,Arizona
Gordan Giricek,1999,40,none
Francisco Elson,1999,41,California
Louis Bullock,1999,42,Michigan
Lee Nailon,1999,43,Texas Christian
Tyrone Washington,1999,44,Mississippi State
Ryan Robertson,1999,45,Kansas
J.R. Koch,1999,46,Iowa
Todd MacCulloch,1999,47,Washington
Galen Young,1999,48,North Carolina-Charlotte
Lari Ketner,1999,49,Massachusetts
Venson Hamilton,1999,50,Nebraska
Antwain Smith,1999,51,Saint Paul's
Roberto Bergersen,1999,52,Boise State
Rodney Buford,1999,53,Creighton
Melvin Levett,1999,54,Cincinnati
Kris Clack,1999,55,Texas
Tim Young,1999,56,Stanford
Manu Ginobili,1999,57,none
Eddie Lucas,1999,58,Virginia Tech
Chris Andersen,1999,undrafted,Blinn College 
Michael Batiste,1999,undrafted,Arizona State 
Raja Bell,1999,undrafted,FIU 
Geno Carlisle,1999,undrafted,California 
Maurice Carter,1999,undrafted,LSU 
Tyrone Grant,1999,undrafted,St. John's 
Derek Hood,1999,undrafted,Arkansas 
Jermaine Jackson,1999,undrafted,Detroit 
Harold Jamison,1999,undrafted,Clemson 
Jason Miskiri,1999,undrafted,George Mason 
Milt Palacio,1999,undrafted,Colorado State 
Andy Panko,1999,undrafted,Lebanon Valley 
Pablo Prigioni,1999,undrafted,Obras Sanitarias 
Eddie Robinson,1999,undrafted,Central Oklahoma 
Guy Rucker,1999,undrafted,Iowa 
Jamel Thomas,1999,undrafted,Providence 
Wayne Turner,1999,undrafted,Kentucky 
Kenyon Martin,2000,1,Cincinnati
Stromile Swift,2000,2,Louisiana State
Darius Miles,2000,3,none
Marcus Fizer,2000,4,Iowa State
Mike Miller,2000,5,Florida
DerMarr Johnson,2000,6,Cincinnati
Chris Mihm,2000,7,Texas
Jamal Crawford,2000,8,Michigan
Joel Przybilla,2000,9,Minnesota
Keyon Dooling,2000,10,Missouri
Jerome Moiso,2000,11,California-Los Angeles
Etan Thomas,2000,12,Syracuse
Courtney Alexander,2000,13,Fresno State
Mateen Cleaves,2000,14,Michigan State
Jason Collier,2000,15,Georgia Tech
Hedo Turkoglu,2000,16,none
Desmond Mason,2000,17,Oklahoma State
Quentin Richardson,2000,18,DePaul
Jamaal Magloire,2000,19,Kentucky
Speedy Claxton,2000,20,Hofstra
Morris Peterson,2000,21,Michigan State
Donnell Harvey,2000,22,Florida
DeShawn Stevenson,2000,23,none
Dalibor Bagaric,2000,24,none
Jake Tsakalidis,2000,25,none
Mamadou N'diaye,2000,26,Auburn
Primoz Brezec,2000,27,none
Erick Barkley,2000,28,St. John's (NY)
Mark Madsen,2000,29,Stanford
Marko Jaric,2000,30,none
Dan Langhi,2000,31,Vanderbilt
A.J. Guyton,2000,32,Indiana
Jake Voskuhl,2000,33,Connecticut
Khalid El-Amin,2000,34,Connecticut
Mike Smith,2000,35,Louisiana-Monroe
Soumaila Samake,2000,36,none
Eddie House,2000,37,Arizona State
Eduardo Najera,2000,38,Oklahoma
Lavor Postell,2000,39,St. John's (NY)
Hanno Mottola,2000,40,Utah
Chris Carrawell,2000,41,Duke
Olumide Oyedeji,2000,42,none
Michael Redd,2000,43,Ohio State
Brian Cardinal,2000,44,Purdue
Jabari Smith,2000,45,Louisiana State
DeeAndre Hulett,2000,46,none
Josip Sesar,2000,47,none
Mark Karcher,2000,48,Temple
Jason Hart,2000,49,Syracuse
Kaniel Dickens,2000,50,Idaho
Igor Rakocevic,2000,51,none
Ernest Brown,2000,52,Indian Hills Community College
Dan McClintock,2000,53,Northern Arizona
Cory Hightower,2000,54,Indian Hills Community College
Chris Porter,2000,55,Auburn
Jaquay Walls,2000,56,Colorado
Scoonie Penn,2000,57,Ohio State
Pete Mickeal,2000,58,Cincinnati
Malik Allen,2000,undrafted,Villanova 
Desmond Ferguson,2000,undrafted,Detroit 
Richie Frahm,2000,undrafted,Gonzaga 
Eddie Gill,2000,undrafted,Weber State 
Paul McPherson,2000,undrafted,DePaul 
Terrance Roberson,2000,undrafted,Fresno State 
Pepe Sánchez,2000,undrafted,Temple 
Alex Scales,2000,undrafted,Oregon 
Ime Udoka,2000,undrafted,Portland State 
Kwame Brown,2001,1,none
Tyson Chandler,2001,2,none
Pau Gasol,2001,3,none
Eddy Curry,2001,4,none
Jason Richardson,2001,5,Michigan State
Shane Battier,2001,6,Duke
Eddie Griffin,2001,7,Seton Hall
DeSagana Diop,2001,8,none
Rodney White,2001,9,North Carolina-Charlotte
Joe Johnson,2001,10,Arkansas
Kedrick Brown,2001,11,Northwest Florida State
Vladimir Radmanovic,2001,12,none
Richard Jefferson,2001,13,Arizona
Troy Murphy,2001,14,Notre Dame
Steven Hunter,2001,15,DePaul
Kirk Haston,2001,16,Indiana
Michael Bradley,2001,17,Villanova
Jason Collins,2001,18,Stanford
Zach Randolph,2001,19,Michigan State
Brendan Haywood,2001,20,North Carolina
Joseph Forte,2001,21,North Carolina
Jeryl Sasser,2001,22,Southern Methodist
Brandon Armstrong,2001,23,Pepperdine
Raul Lopez,2001,24,none
Gerald Wallace,2001,25,Alabama
Samuel Dalembert,2001,26,Seton Hall
Jamaal Tinsley,2001,27,Iowa State
Tony Parker,2001,28,none
Trenton Hassell,2001,29,Austin Peay
Gilbert Arenas,2001,30,Arizona
Omar Cook,2001,31,St. John's (NY)
Will Solomon,2001,32,Clemson
Terence Morris,2001,33,Maryland
Brian Scalabrine,2001,34,Southern California
Jeff Trepagnier,2001,35,Southern California
Damone Brown,2001,36,Syracuse
Mehmet Okur,2001,37,none
Michael Wright,2001,38,Arizona
Earl Watson,2001,39,California-Los Angeles
Jamison Brewer,2001,40,Auburn
Bobby Simmons,2001,41,DePaul
Eric Chenowith,2001,42,Kansas
Kyle Hill,2001,43,Eastern Illinois
Sean Lampley,2001,44,California
Loren Woods,2001,45,Arizona
Ousmane Cisse,2001,46,none
Antonis Fotsis,2001,47,none
Ken Johnson,2001,48,Ohio State
Ruben Boumtje-Boumtje,2001,49,Georgetown
Alton Ford,2001,50,Houston
Andre Hutson,2001,51,Michigan State
Jarron Collins,2001,52,Stanford
Kenny Satterfield,2001,53,Cincinnati
Maurice Jeffers,2001,54,Saint Louis
Robertas Javtokas,2001,55,none
Alvin Jones,2001,56,Georgia Tech
Bryan Bracey,2001,57,Oregon
Carlos Arroyo,2001,undrafted,FIU 
Charlie Bell,2001,undrafted,Michigan State 
Tierre Brown,2001,undrafted,McNeese State 
Joe Crispin,2001,undrafted,Penn State 
Maurice Evans,2001,undrafted,Texas 
Tang Hamilton,2001,undrafted,Mississippi State 
Horace Jenkins,2001,undrafted,William Paterson 
Jamario Moon,2001,undrafted,Meridian CC 
Dean Oliver,2001,undrafted,Iowa 
Norman Richardson,2001,undrafted,Hofstra 
Paul Shirley,2001,undrafted,Iowa State 
Mike Wilks,2001,undrafted,Rice 
Yao Ming,2002,1,none
Jay Williams,2002,2,Duke
Mike Dunleavy,2002,3,Duke
Drew Gooden,2002,4,Kansas
Nikoloz Tskitishvili,2002,5,none
Dajuan Wagner,2002,6,Memphis
Nene,2002,7,none
Chris Wilcox,2002,8,Maryland
Amar'e Stoudemire,2002,9,none
Caron Butler,2002,10,Connecticut
Jared Jeffries,2002,11,Indiana
Melvin Ely,2002,12,Fresno State
Marcus Haislip,2002,13,Tennessee
Fred Jones,2002,14,Oregon
Bostjan Nachbar,2002,15,none
Jiri Welsch,2002,16,none
Juan Dixon,2002,17,Maryland
Curtis Borchardt,2002,18,Stanford
Ryan Humphrey,2002,19,Notre Dame
Kareem Rush,2002,20,Missouri
Qyntel Woods,2002,21,Northeast Mississippi Community College
Casey Jacobsen,2002,22,Stanford
Tayshaun Prince,2002,23,Kentucky
Nenad Krstic,2002,24,none
Frank Williams,2002,25,Illinois
John Salmons,2002,26,Miami (FL)
Chris Jefferies,2002,27,Fresno State
Dan Dickau,2002,28,Gonzaga
Steve Logan,2002,29,Cincinnati
Roger Mason Jr.,2002,30,Virginia
Robert Archibald,2002,31,Illinois
Vincent Yarbrough,2002,32,Tennessee
Dan Gadzuric,2002,33,California-Los Angeles
Carlos Boozer,2002,34,Duke
Milos Vujanic,2002,35,none
David Andersen,2002,36,none
Tito Maddox,2002,37,Fresno State
Rod Grizzard,2002,38,Alabama
Juan Carlos Navarro,2002,39,none
Mario Kasun,2002,40,none
Flip Murray,2002,41,Shaw
Jason Jennings,2002,42,Arkansas State
Lonny Baxter,2002,43,Maryland
Sam Clancy,2002,44,Southern California
Matt Barnes,2002,45,California-Los Angeles
Jamal Sampson,2002,46,California
Chris Owens,2002,47,Texas
Peter Fehse,2002,48,none
Darius Songaila,2002,49,Wake Forest
Federico Kammerichs,2002,50,none
Marcus Taylor,2002,51,Michigan State
Rasual Butler,2002,52,La Salle
Tamar Slay,2002,53,Marshall
Mladen Sekularac,2002,54,none
Luis Scola,2002,55,none
Randy Holcomb,2002,56,San Diego State
Corsley Edwards,2002,57,Central Connecticut State
Maurice Baker,2002,undrafted,Oklahoma State 
J. R. Bremer,2002,undrafted,St. Bonaventure 
Devin Brown,2002,undrafted,UTSA 
Josh Davis,2002,undrafted,Wyoming 
Reggie Evans,2002,undrafted,Iowa 
Lynn Greer,2002,undrafted,Temple 
Anthony Grundy,2002,undrafted,NC State 
Adam Harrington,2002,undrafted,Auburn 
Lorinza Harrington,2002,undrafted,Wingate 
Udonis Haslem,2002,undrafted,Florida 
Linton Johnson,2002,undrafted,Tulane 
Keith McLeod,2002,undrafted,Bowling Green 
Jannero Pargo,2002,undrafted,Arkansas 
Smush Parker,2002,undrafted,Fordham 
Predrag Savovi?,2002,undrafted,Hawaii 
Awvee Storey,2002,undrafted,Arizona State 
LeBron James,2003,1,none
Darko Milicic,2003,2,none
Carmelo Anthony,2003,3,Syracuse
Chris Bosh,2003,4,Georgia Tech
Dwyane Wade,2003,5,Marquette
Chris Kaman,2003,6,Central Michigan
Kirk Hinrich,2003,7,Kansas
T.J. Ford,2003,8,Texas
Michael Sweetney,2003,9,Georgetown
Jarvis Hayes,2003,10,Georgia
Mickael Pietrus,2003,11,none
Nick Collison,2003,12,Kansas
Marcus Banks,2003,13,Nevada-Las Vegas
Luke Ridnour,2003,14,Oregon
Reece Gaines,2003,15,Louisville
Troy Bell,2003,16,Boston College
Zarko Cabarkapa,2003,17,none
David West,2003,18,Xavier
Sasha Pavlovic,2003,19,none
Dahntay Jones,2003,20,Duke
Boris Diaw,2003,21,none
Zoran Planinic,2003,22,none
Travis Outlaw,2003,23,none
Brian Cook,2003,24,Illinois
Carlos Delfino,2003,25,none
Ndudi Ebi,2003,26,none
Kendrick Perkins,2003,27,none
Leandro Barbosa,2003,28,none
Josh Howard,2003,29,Wake Forest
Maciej Lampe,2003,30,Madrid (ESP)
Jason Kapono,2003,31,California-Los Angeles
Luke Walton,2003,32,Arizona
Jerome Beasley,2003,33,North Dakota
Sofoklis Schortsanitis,2003,34,none
Szymon Szewczyk,2003,35,none
Mario Austin,2003,36,Mississippi State
Travis Hansen,2003,37,Brigham Young
Steve Blake,2003,38,Maryland
Slavko Vranes,2003,39,none
Derrick Zimmerman,2003,40,Mississippi State
Willie Green,2003,41,Detroit Mercy
Zaza Pachulia,2003,42,none
Keith Bogans,2003,43,Kentucky
Malick Badiane,2003,44,none
Matt Bonner,2003,45,Florida
Sani Becirovic,2003,46,none
Mo Williams,2003,47,Alabama
James Lang,2003,48,none
James Jones,2003,49,Miami (FL)
Paccelis Morlende,2003,50,none
Kyle Korver,2003,51,Creighton
Remon Van de Hare,2003,52,none
Tommy Smith,2003,53,Arizona State
Nedzad Sinanovic,2003,54,none
Rick Rickert,2003,55,Minnesota
Brandon Hunter,2003,56,Ohio
Xue Yuyang,2003,57,none
Andreas Glyniadakis,2003,58,none
Earl Barron,2003,undrafted,Memphis 
Kevin Burleson,2003,undrafted,Minnesota 
Matt Carroll,2003,undrafted,Notre Dame 
Marquis Daniels,2003,undrafted,Auburn 
Ronald Dupree,2003,undrafted,LSU 
Noel Felix,2003,undrafted,Fresno State 
Hiram Fuller,2003,undrafted,Fresno State 
Britton Johnsen,2003,undrafted,Utah 
Brandin Knight,2003,undrafted,Pittsburgh 
Desmond Penigar,2003,undrafted,Utah State 
Kirk Penney,2003,undrafted,Wisconsin 
Josh Powell,2003,undrafted,NC State 
Kasib Powell,2003,undrafted,Texas Tech 
Quinton Ross,2003,undrafted,SMU 
Melvin Sanders,2003,undrafted,Oklahoma State 
James Singleton,2003,undrafted,Murray State 
Theron Smith,2003,undrafted,Ball State 
Dwight Howard,2004,1,none
Emeka Okafor,2004,2,Connecticut
Ben Gordon,2004,3,Connecticut
Shaun Livingston,2004,4,none
Devin Harris,2004,5,Wisconsin
Josh Childress,2004,6,Stanford
Luol Deng,2004,7,Duke
Rafael Araujo,2004,8,Brigham Young
Andre Iguodala,2004,9,Arizona
Luke Jackson,2004,10,Oregon
Andris Biedrins,2004,11,none
Robert Swift,2004,12,none
Sebastian Telfair,2004,13,none
Kris Humphries,2004,14,Minnesota
Al Jefferson,2004,15,none
Kirk Snyder,2004,16,Nevada-Reno
Josh Smith,2004,17,none
JR Smith,2004,18,none
Dorell Wright,2004,19,none
Jameer Nelson,2004,20,Saint Joseph's
Pavel Podkolzin,2004,21,none
Viktor Khryapa,2004,22,none
Sergei Monia,2004,23,none
Delonte West,2004,24,Saint Joseph's
Tony Allen,2004,25,Oklahoma State
Kevin Martin,2004,26,Western Carolina
Sasha Vujacic,2004,27,none
Beno Udrih,2004,28,none
David Harrison,2004,29,Colorado
Anderson Varejao,2004,30,none
Jackson Vroman,2004,31,Iowa State
Peter John Ramos,2004,32,none
Lionel Chalmers,2004,33,Xavier
Donta Smith,2004,34,Southeastern Illinois
Andre Emmett,2004,35,Texas Tech
Antonio Burks,2004,36,Memphis
Royal Ivey,2004,37,Brigham Young
Chris Duhon,2004,38,Duke
Albert Miralles,2004,39,none
Justin Reed,2004,40,Mississippi
David Young,2004,41,North Carolina Central
Viktor Sanikidze,2004,42,none
Trevor Ariza,2004,43,California-Los Angeles
Tim Pickett,2004,44,Florida State
Bernard Robinson,2004,45,Michigan
Ha Ha,2004,46,Yonsei (KOR)
Pape Sow,2004,47,Cal State-Fullerton
Ricky Minard,2004,48,Morehead State
Sergei Lishouk,2004,49,Miami (FL)
Vassilis Spanoulis,2004,50,none
Christian Drejer,2004,51,none
Romain Sato,2004,52,Xavier
Matt Freije,2004,53,Vanderbilt
Rickey Paulding,2004,54,Missouri
Luis Flores,2004,55,Manhattan
Marcus Douthit,2004,56,Providence
Sergei Karaulov,2004,57,none
Blake Stepp,2004,58,Gonzaga
Rashad Wright,2004,59,Georgia
Andre Barrett,2004,undrafted,Seton Hall 
Tony Bobbitt,2004,undrafted,Cincinnati 
Andre Brown,2004,undrafted,DePaul 
Erik Daniels,2004,undrafted,Kentucky 
John Edwards,2004,undrafted,Kent State 
Desmond Farmer,2004,undrafted,USC 
Gerald Fitch,2004,undrafted,Kentucky 
Renaldo Major,2004,undrafted,Fresno State 
Jared Reiner,2004,undrafted,Iowa 
James Thomas,2004,undrafted,Texas 
Damien Wilkins,2004,undrafted,Georgia 
Andrew Bogut,2005,1,Utah
Marvin Williams,2005,2,North Carolina
Deron Williams,2005,3,Illinois
Chris Paul,2005,4,Wake Forest
Raymond Felton,2005,5,North Carolina
Martell Webster,2005,6,none
Charlie Villanueva,2005,7,Connecticut
Channing Frye,2005,8,Arizona
Ike Diogu,2005,9,Arizona State
Andrew Bynum,2005,10,none
Fran Vazquez,2005,11,none
Yaroslav Korolev,2005,12,none
Sean May,2005,13,North Carolina
Rashad McCants,2005,14,North Carolina
Antoine Wright,2005,15,Texas A&M
Joey Graham,2005,16,Oklahoma State
Danny Granger,2005,17,New Mexico
Gerald Green,2005,18,none
Hakim Warrick,2005,19,Syracuse
Julius Hodge,2005,20,North Carolina State
Nate Robinson,2005,21,Washington
Jarrett Jack,2005,22,Georgia Tech
Francisco Garcia,2005,23,Louisville
Luther Head,2005,24,Illinois
Johan Petro,2005,25,none
Jason Maxiell,2005,26,Cincinnati
Linas Kleiza,2005,27,Missouri
Ian Mahinmi,2005,28,none
Wayne Simien,2005,29,Kansas
David Lee,2005,30,Florida
Salim Stoudamire,2005,31,Arizona
Daniel Ewing,2005,32,Duke
Brandon Bass,2005,33,Louisiana State
CJ Miles,2005,34,none
Ricky Sanchez,2005,35,none
Ersan Ilyasova,2005,36,none
Ronny Turiaf,2005,37,Gonzaga
Travis Diener,2005,38,Marquette
Von Wafer,2005,39,Florida State
Monta Ellis,2005,40,none
Roko Ukic,2005,41,none
Chris Taft,2005,42,Pittsburgh
Mile Ilic,2005,43,none
Martynas Andriuskevicius,2005,44,none
Lou Williams,2005,45,none
Erazem Lorbek,2005,46,none
Bracey Wright,2005,47,Indiana
Mickael Gelabale,2005,48,none
Andray Blatche,2005,49,none
Ryan Gomes,2005,50,Providence
Robert Whaley,2005,51,Walsh
Axel Hervelle,2005,52,none
Orien Greene,2005,53,Louisiana-Lafayette
Dijon Thompson,2005,54,California-Los Angeles
Lawrence Roberts,2005,55,Mississippi
Amir Johnson,2005,56,none
Marcin Gortat,2005,57,none
Uros Slokar,2005,58,none
Cenk Akyol,2005,59,none
Alex Acker,2005,60,Pepperdine
Lance Allred,2005,undrafted,Weber State 
Alan Anderson,2005,undrafted,Michigan State 
Kelenna Azubuike,2005,undrafted,Kentucky 
Sean Banks,2005,undrafted,Memphis 
Eddie Basden,2005,undrafted,Charlotte 
Will Bynum,2005,undrafted,Georgia Tech 
Will Conroy,2005,undrafted,Washington 
Yakhouba Diawara,2005,undrafted,Pepperdine 
Sharrod Ford,2005,undrafted,Clemson 
Deng Gai,2005,undrafted,Fairfield 
Stephen Graham,2005,undrafted,Oklahoma State 
Devin Green,2005,undrafted,Hampton 
Mike Harris,2005,undrafted,Rice 
Chuck Hayes,2005,undrafted,Kentucky 
Dwayne Jones,2005,undrafted,Saint Joseph's 
Keith Langford,2005,undrafted,Kansas 
John Lucas III,2005,undrafted,Oklahoma State 
Rawle Marshall,2005,undrafted,Oakland 
Ivan McFarlin,2005,undrafted,Oklahoma State 
Aaron Miles,2005,undrafted,Kansas 
Randolph Morris,2005,undrafted,Kentucky 
Andre Owens,2005,undrafted,Houston 
Kevinn Pinkney,2005,undrafted,Nevada 
Roger Powell,2005,undrafted,Illinois 
Ronnie Price,2005,undrafted,Utah Valley 
Shavlik Randolph,2005,undrafted,Duke 
Anthony Roberson,2005,undrafted,Florida 
Luke Schenscher,2005,undrafted,Georgia Tech 
Donell Taylor,2005,undrafted,UAB 
Matt Walsh,2005,undrafted,Florida 
Jawad Williams,2005,undrafted,North Carolina 
Andrea Bargnani,2006,1,none
LaMarcus Aldridge,2006,2,Texas
Adam Morrison,2006,3,Gonzaga
Tyrus Thomas,2006,4,Louisiana State
Shelden Williams,2006,5,Duke
Brandon Roy,2006,6,Washington
Randy Foye,2006,7,Villanova
Rudy Gay,2006,8,Connecticut
Patrick O'Bryant,2006,9,Bradley
Mouhamed Sene,2006,10,none
JJ Redick,2006,11,Duke
Hilton Armstrong,2006,12,Connecticut
Thabo Sefolosha,2006,13,none
Ronnie Brewer,2006,14,Arkansas
Cedric Simmons,2006,15,North Carolina State
Rodney Carney,2006,16,Memphis
Shawne Williams,2006,17,Memphis
Oleksiy Pecherov,2006,18,none
Quincy Douby,2006,19,Rutgers
Renaldo Balkman,2006,20,South Carolina
Rajon Rondo,2006,21,Kentucky
Marcus Williams,2006,22,Connecticut
Josh Boone,2006,23,Connecticut
Kyle Lowry,2006,24,Villanova
Shannon Brown,2006,25,Michigan State
Jordan Farmar,2006,26,California-Los Angeles
Sergio Rodriguez,2006,27,none
Maurice Ager,2006,28,Michigan State
Mardy Collins,2006,29,Temple
Joel Freeland,2006,30,none
James White,2006,31,Cincinnati
Steve Novak,2006,32,Marquette
Solomon Jones,2006,33,South Florida
Paul Davis,2006,34,Michigan State
P.J. Tucker,2006,35,Texas
Craig Smith,2006,36,Boston College
Bobby Jones,2006,37,Washington
Kosta Perovic,2006,38,none
David Noel,2006,39,North Carolina
Denham Brown,2006,40,Connecticut
James Augustine,2006,41,Illinois
Daniel Gibson,2006,42,Texas
Marcus Vinicius,2006,43,none
Lior Eliyahu,2006,44,none
Alexander Johnson,2006,45,Florida State
Dee Brown,2006,46,Illinois
Paul Millsap,2006,47,Louisiana Tech
Vladimir Veremeenko,2006,48,none
Leon Powe,2006,49,California
Ryan Hollins,2006,50,California-Los Angeles
Cheikh Samb,2006,51,none
Guillermo Diaz,2006,52,Miami (FL)
Yotam Halperin,2006,53,none
Hassan Adams,2006,54,Arizona
Ejike Ugboaja,2006,55,none
Edin Bavcic,2006,56,none
Loukas Mavrokefalidis,2006,57,none
JR Pinnock,2006,58,George Washington
Damir Markota,2006,59,none
Will Blalock,2006,60,Iowa State
Lou Amundson,2006,undrafted,UNLV 
J. J. Barea,2006,undrafted,Northeastern 
Cedric Bozeman,2006,undrafted,UCLA 
Chris Copeland,2006,undrafted,Colorado 
Thomas Gardner,2006,undrafted,Missouri 
Mike Hall,2006,undrafted,George Washington 
Robert Hite,2006,undrafted,Miami 
Chris Hunter,2006,undrafted,Michigan 
Dontell Jefferson,2006,undrafted,Arkansas 
Eugene Jeter,2006,undrafted,Portland 
Carldell Johnson,2006,undrafted,UAB 
Tarence Kinsey,2006,undrafted,South Carolina 
Chris McCray,2006,undrafted,Maryland 
Pops Mensah-Bonsu,2006,undrafted,George Washington 
Larry Owens,2006,undrafted,Oral Roberts 
Chris Quinn,2006,undrafted,Notre Dame 
Allan Ray,2006,undrafted,Villanova 
Jeremy Richardson,2006,undrafted,Delta State 
Walker Russell Jr.,2006,undrafted,Jacksonville State 
Steven Smith,2006,undrafted,La Salle 
Darius Washington Jr.,2006,undrafted,Memphis 
C. J. Watson,2006,undrafted,Tennessee 
Justin Williams,2006,undrafted,Wyoming 
Greg Oden,2007,1,Ohio State
Kevin Durant,2007,2,Texas
Al Horford,2007,3,Florida
Mike Conley,2007,4,Ohio State
Jeff Green,2007,5,Georgetown
Yi Jianlian,2007,6,none
Corey Brewer,2007,7,Florida
Brandan Wright,2007,8,North Carolina
Joakim Noah,2007,9,Florida
Spencer Hawes,2007,10,Washington
Acie Law,2007,11,Texas A&M
Thaddeus Young,2007,12,Georgia Tech
Julian Wright,2007,13,Kansas
Al Thornton,2007,14,Florida State
Rodney Stuckey,2007,15,Eastern Washington
Nick Young,2007,16,Southern California
Sean Williams,2007,17,Boston College
Marco Belinelli,2007,18,none
Javaris Crittenton,2007,19,Georgia Tech
Jason Smith,2007,20,Colorado State
Daequan Cook,2007,21,Ohio State
Jared Dudley,2007,22,Boston College
Wilson Chandler,2007,23,DePaul
Rudy Fernandez,2007,24,none
Morris Almond,2007,25,Rice
Aaron Brooks,2007,26,Oregon
Arron Afflalo,2007,27,California-Los Angeles
Tiago Splitter,2007,28,none
Alando Tucker,2007,29,Wisconsin
Petteri Koponen,2007,30,none
Carl Landry,2007,31,Purdue
Gabe Pruitt,2007,32,Southern California
Marcus Williams,2007,33,Arizona
Nick Fazekas,2007,34,Nevada-Reno
Glen Davis,2007,35,Louisiana State
Jermareo Davidson,2007,36,Alabama
Josh McRoberts,2007,37,Duke
Kyrylo Fesenko,2007,38,none
Stanko Barac,2007,39,none
Sun Sun,2007,40,none
Chris Richard,2007,41,Florida
Derrick Byars,2007,42,Vanderbilt
Adam Haluska,2007,43,Iowa
Reyshawn Terry,2007,44,North Carolina
Jared Jordan,2007,45,Marist
Stephane Lasme,2007,46,Massachusetts
Dominic McGuire,2007,47,Fresno State
Marc Gasol,2007,48,none
Aaron Gray,2007,49,Pittsburgh
Renaldas Seibutis,2007,50,none
JamesOn Curry,2007,51,Oklahoma State
Taurean Green,2007,52,Florida
Demetris Nichols,2007,53,Syracuse
Brad Newley,2007,54,none
Herbert Hill,2007,55,Providence
Ramon Sessions,2007,56,Nevada-Reno
Sammy Mejia,2007,57,DePaul
Giorgos Printezis,2007,58,none
DJ Strawberry,2007,59,Maryland
Milovan Rakovic,2007,60,none
Blake Ahearn,2007,undrafted,Missouri State 
Joel Anthony,2007,undrafted,UNLV 
Bobby Brown,2007,undrafted,Cal State Fullerton 
Eric Dawson,2007,undrafted,Midwestern State 
Zabian Dowdell,2007,undrafted,Virginia Tech 
Andre Ingram,2007,undrafted,American 
Ivan Johnson,2007,undrafted,Cal State San Bernardino 
Trey Johnson,2007,undrafted,Jackson State 
Coby Karl,2007,undrafted,Boise State 
Oliver Lafayette,2007,undrafted,Houston 
Cartier Martin,2007,undrafted,Kansas State 
Gary Neal,2007,undrafted,Towson 
Mustafa Shakur,2007,undrafted,Arizona 
Courtney Sims,2007,undrafted,Michigan 
Anthony Tolliver,2007,undrafted,Creighton 
Darryl Watkins,2007,undrafted,Syracuse 
Mario West,2007,undrafted,Georgia Tech 
Derrick Rose,2008,1,Memphis
Michael Beasley,2008,2,Kansas State
O.J. Mayo,2008,3,Southern California
Russell Westbrook,2008,4,California-Los Angeles
Kevin Love,2008,5,California-Los Angeles
Danilo Gallinari,2008,6,none
Eric Gordon,2008,7,Indiana
Joe Alexander,2008,8,West Virginia
D.J. Augustin,2008,9,Texas
Brook Lopez,2008,10,Stanford
Jerryd Bayless,2008,11,Arizona
Jason Thompson,2008,12,Rider
Brandon Rush,2008,13,Kansas
Anthony Randolph,2008,14,Louisiana State
Robin Lopez,2008,15,Stanford
Marreese Speights,2008,16,Florida
Roy Hibbert,2008,17,Georgetown
JaVale McGee,2008,18,Nevada-Reno
JJ Hickson,2008,19,North Carolina State
Alexis Ajinca,2008,20,none
Ryan Anderson,2008,21,California
Courtney Lee,2008,22,Western Kentucky
Kosta Koufos,2008,23,Ohio State
Serge Ibaka,2008,24,none
Nicolas Batum,2008,25,none
George Hill,2008,26,IUPUI
Darrell Arthur,2008,27,Kansas
Donte Greene,2008,28,Syracuse
DJ White,2008,29,Indiana
J.R. Giddens,2008,30,New Mexico
Nikola Pekovic,2008,31,none
Walter Sharpe,2008,32,Alabama-Birmingham
Joey Dorsey,2008,33,Memphis
Mario Chalmers,2008,34,Kansas
DeAndre Jordan,2008,35,Texas A&M
Omer Asik,2008,36,none
Luc Mbah a Moute,2008,37,California-Los Angeles
Kyle Weaver,2008,38,Washington State
Sonny Weems,2008,39,Arkansas
Chris Douglas-Roberts,2008,40,Memphis
Nathan Jawai,2008,41,none
Sean Singletary,2008,42,Virginia
Patrick Ewing,2008,43,Georgetown
Ante Tomic,2008,44,none
Goran Dragic,2008,45,none
Trent Plaisted,2008,46,Brigham Young
Henry Walker,2008,47,Kansas State
Malik Hairston,2008,48,Oregon
Richard Hendrix,2008,49,Alabama
DeVon Hardin,2008,50,California
Shan Foster,2008,51,Vanderbilt
Darnell Jackson,2008,52,Kansas
Tadija Dragicevic,2008,53,none
Maarty Leunen,2008,54,Oregon
Mike Taylor,2008,55,none
Sasha Kaun,2008,56,Kansas
James Gist,2008,57,Maryland
Joe Crawford,2008,58,Kentucky
Deron Washington,2008,59,Virginia Tech
Semih Erden,2008,60,none
Gary Forbes,2008,undrafted,UMass 
Sundiata Gaines,2008,undrafted,Georgia 
Trey Gilder,2008,undrafted,Northwestern State 
Mickell Gladness,2008,undrafted,Alabama A&M 
Steven Hill,2008,undrafted,Arkansas 
Othello Hunter,2008,undrafted,Ohio State 
Othyus Jeffers,2008,undrafted,Robert Morris 
Rob Kurz,2008,undrafted,Notre Dame 
Gal Mekel,2008,undrafted,Wichita State 
Anthony Morrow,2008,undrafted,Georgia Tech 
DeMarcus Nelson,2008,undrafted,Duke 
Brian Roberts,2008,undrafted,Dayton 
Greg Stiemsma,2008,undrafted,Wisconsin 
Reggie Williams,2008,undrafted,VMI 
Blake Griffin,2009,1,Oklahoma
Hasheem Thabeet,2009,2,Connecticut
James Harden,2009,3,Arizona State
Tyreke Evans,2009,4,Memphis
Ricky Rubio,2009,5,none
Jonny Flynn,2009,6,Syracuse
Stephen Curry,2009,7,Davidson
Jordan Hill,2009,8,Arizona
DeMar DeRozan,2009,9,Southern California
Brandon Jennings,2009,10,none
Terrence Williams,2009,11,Louisville
Gerald Henderson,2009,12,Duke
Tyler Hansbrough,2009,13,North Carolina
Earl Clark,2009,14,Louisville
Austin Daye,2009,15,Gonzaga
James Johnson,2009,16,Wake Forest
Jrue Holiday,2009,17,California-Los Angeles
Ty Lawson,2009,18,North Carolina
Jeff Teague,2009,19,Wake Forest
Eric Maynor,2009,20,Virginia Commonwealth
Darren Collison,2009,21,California-Los Angeles
Victor Claver,2009,22,none
Omri Casspi,2009,23,none
Byron Mullens,2009,24,Ohio State
Rodrigue Beaubois,2009,25,none
Taj Gibson,2009,26,Southern California
DeMarre Carroll,2009,27,Missouri
Wayne Ellington,2009,28,North Carolina
Toney Douglas,2009,29,Florida State
Christian Eyenga,2009,30,none
Jeff Ayres,2009,31,Arizona State
Jermaine Taylor,2009,32,Central Florida
Dante Cunningham,2009,33,Villanova
Sergio Llull,2009,34,none
DaJuan Summers,2009,35,Georgetown
Sam Young,2009,36,Pittsburgh
DeJuan Blair,2009,37,Pittsburgh
Jon Brockman,2009,38,Washington
Jonas Jerebko,2009,39,none
Derrick Brown,2009,40,Xavier
Jodie Meeks,2009,41,Kentucky
Patrick Beverley,2009,42,none
Marcus Thornton,2009,43,Louisiana State
Chase Budinger,2009,44,Arizona
Nick Calathes,2009,45,Florida
Danny Green,2009,46,North Carolina
Henk Norel,2009,47,none
Taylor Griffin,2009,48,Oklahoma
Sergiy Gladyr,2009,49,none
Goran Suton,2009,50,Michigan State
Jack McClinton,2009,51,Miami (FL)
AJ Price,2009,52,Connecticut
Nando De Colo,2009,53,none
Robert Vaden,2009,54,Alabama-Birmingham
Patty Mills,2009,55,St. Mary's (CA)
Ahmad Nivins,2009,56,Saint Joseph's
Emir Preldzic,2009,57,none
Lester Hudson,2009,58,Tennessee-Martin
Chinemelu Elonu,2009,59,Texas A&M
Robert Dozier,2009,60,Memphis
Jeff Adrien,2009,undrafted,Connecticut 
Josh Akognon,2009,undrafted,Cal State Fullerton 
Antonio Anderson,2009,undrafted,Memphis 
Aron Baynes,2009,undrafted,Washington State 
Dionte Christmas,2009,undrafted,Temple 
Marcus Cousin,2009,undrafted,Houston 
Justin Dentmon,2009,undrafted,Washington 
Shane Edwards,2009,undrafted,Little Rock 
Alonzo Gee,2009,undrafted,Alabama 
Terrel Harris,2009,undrafted,Oklahoma State 
Aaron Jackson,2009,undrafted,Duquesne 
Cedric Jackson,2009,undrafted,Cleveland State 
Chris Johnson,2009,undrafted,LSU 
Marcus Landry,2009,undrafted,Wisconsin 
Wesley Matthews,2009,undrafted,Marquette 
Jerel McNeal,2009,undrafted,Marquette 
Jeremy Pargo,2009,undrafted,Gonzaga 
Garret Siler,2009,undrafted,Augusta State 
Garrett Temple,2009,undrafted,LSU 
Luke Zeller,2009,undrafted,Notre Dame 
John Wall,2010,1,Kentucky
Evan Turner,2010,2,Ohio State
Derrick Favors,2010,3,Georgia Tech
Wesley Johnson,2010,4,Syracuse
DeMarcus Cousins,2010,5,Kentucky
Ekpe Udoh,2010,6,Baylor
Greg Monroe,2010,7,Georgetown
Al-Farouq Aminu,2010,8,Wake Forest
Gordon Hayward,2010,9,Butler
Paul George,2010,10,Fresno State
Cole Aldrich,2010,11,Kansas
Xavier Henry,2010,12,Kansas
Ed Davis,2010,13,North Carolina
Patrick Patterson,2010,14,Kentucky
Larry Sanders,2010,15,Virginia Commonwealth
Luke Babbitt,2010,16,Nevada-Reno
Kevin Seraphin,2010,17,none
Eric Bledsoe,2010,18,Kentucky
Avery Bradley,2010,19,Texas
James Anderson,2010,20,Oklahoma State
Craig Brackins,2010,21,Iowa State
Elliot Williams,2010,22,Memphis
Trevor Booker,2010,23,Clemson
Damion James,2010,24,Texas
Dominique Jones,2010,25,South Florida
Quincy Pondexter,2010,26,Washington
Jordan Crawford,2010,27,Xavier
Greivis Vasquez,2010,28,Maryland
Daniel Orton,2010,29,Kentucky
Lazar Hayward,2010,30,Marquette
Tibor Pleiss,2010,31,none
Dexter Pittman,2010,32,Texas
Hassan Whiteside,2010,33,Marshall
Armon Johnson,2010,34,Nevada-Reno
Nemanja Bjelica,2010,35,none
Terrico White,2010,36,Mississippi
Darington Hobson,2010,37,New Mexico
Andy Rautins,2010,38,Syracuse
Landry Fields,2010,39,Stanford
Lance Stephenson,2010,40,Cincinnati
Jarvis Varnado,2010,41,Mississippi State
Da'Sean Butler,2010,42,West Virginia
Devin Ebanks,2010,43,West Virginia
Jerome Jordan,2010,44,Tulsa
Paulao Prestes,2010,45,none
Gani Lawal,2010,46,Georgia Tech
Tiny Gallon,2010,47,Oklahoma
Latavious Williams,2010,48,none
Ryan Richards,2010,49,none
Solomon Alabi,2010,50,Florida State
Magnum Rolle,2010,51,Louisiana Tech
Luke Harangody,2010,52,Notre Dame
Pape Sy,2010,53,none
Willie Warren,2010,54,Oklahoma
Jeremy Evans,2010,55,Western Kentucky
Hamady Ndiaye,2010,56,Rutgers
Ryan Reid,2010,57,Florida State
Derrick Caracter,2010,58,Texas-El Paso
Stanley Robinson,2010,59,Connecticut
Dwayne Collins,2010,60,Miami (FL)
Patrick Christopher,2010,undrafted,California 
Sherron Collins,2010,undrafted,Kansas 
Jerome Dyson,2010,undrafted,Connecticut 
Courtney Fortson,2010,undrafted,Arkansas 
Jeff Foote,2010,undrafted,Cornell 
Jonathan Gibson,2010,undrafted,New Mexico State 
Manny Harris,2010,undrafted,Michigan 
Dennis Horner,2010,undrafted,NC State 
Jeremy Lin,2010,undrafted,Harvard 
Elijah Millsap,2010,undrafted,UAB 
Arinze Onuaku,2010,undrafted,Syracuse 
Donald Sloan,2010,undrafted,Texas A&M 
Ish Smith,2010,undrafted,Wake Forest 
Jerry Smith,2010,undrafted,Louisville 
Lance Thomas,2010,undrafted,Duke 
Edwin Ubiles,2010,undrafted,Siena 
Ben Uzoh,2010,undrafted,Tulsa 
Kyrie Irving,2011,1,Duke
Derrick Williams,2011,2,Arizona
Enes Kanter,2011,3,Kentucky
Tristan Thompson,2011,4,Texas
Jonas Valanciunas,2011,5,none
Jan Vesely,2011,6,none
Bismack Biyombo,2011,7,none
Brandon Knight,2011,8,Kentucky
Kemba Walker,2011,9,Connecticut
Jimmer Fredette,2011,10,Brigham Young
Klay Thompson,2011,11,Washington State
Alec Burks,2011,12,Colorado
Markieff Morris,2011,13,Kansas
Marcus Morris Sr.,2011,14,Kansas
Kawhi Leonard,2011,15,San Diego State
Nikola Vucevic,2011,16,Southern California
Iman Shumpert,2011,17,Georgia Tech
Chris Singleton,2011,18,Florida State
Tobias Harris,2011,19,Tennessee
Donatas Motiejunas,2011,20,none
Nolan Smith,2011,21,Duke
Kenneth Faried,2011,22,Morehead State
Nikola Mirotic,2011,23,none
Reggie Jackson,2011,24,Boston College
MarShon Brooks,2011,25,Providence
Jordan Hamilton,2011,26,Texas
JaJuan Johnson,2011,27,Purdue
Norris Cole,2011,28,Cleveland State
Cory Joseph,2011,29,Texas
Jimmy Butler,2011,30,Marquette
Bojan Bogdanovic,2011,31,none
Justin Harper,2011,32,Richmond
Kyle Singler,2011,33,Duke
Shelvin Mack,2011,34,Butler
Tyler Honeycutt,2011,35,California-Los Angeles
Jordan Williams,2011,36,Maryland
Trey Thompkins,2011,37,Georgia
Chandler Parsons,2011,38,Florida
Jeremy Tyler,2011,39,none
Jon Leuer,2011,40,Wisconsin
Darius Morris,2011,41,Michigan
Davis Bertans,2011,42,none
Malcolm Lee,2011,43,California-Los Angeles
Charles Jenkins,2011,44,Hofstra
Josh Harrellson,2011,45,Kentucky
Andrew Goudelock,2011,46,College of Charleston
Travis Leslie,2011,47,Georgia
Keith Benson,2011,48,Oakland
Josh Selby,2011,49,Kansas
Lavoy Allen,2011,50,Temple
Jon Diebler,2011,51,Ohio State
Vernon Macklin,2011,52,Florida
DeAndre Liggins,2011,53,Kentucky
MIlan Macvan,2011,54,none
E'Twaun Moore,2011,55,Purdue
Chukwudiebere Maduabum,2011,56,none
Tanguy Ngombo,2011,57,none
Ater Majok,2011,58,none
Adam Hanga,2011,59,none
Isaiah Thomas,2011,60,Washington
Dwight Buycks,2011,undrafted,Marquette 
Malcolm Delaney,2011,undrafted,Virginia Tech 
Diante Garrett,2011,undrafted,Iowa State 
Ben Hansbrough,2011,undrafted,Notre Dame 
Cory Higgins,2011,undrafted,Colorado 
Justin Holiday,2011,undrafted,Washington 
John Holland,2011,undrafted,Boston University 
Scotty Hopson,2011,undrafted,Tennessee 
Omari Johnson,2011,undrafted,Oregon State 
D. J. Kennedy,2011,undrafted,St. John's 
Kalin Lucas,2011,undrafted,Michigan State 
Jacob Pullen,2011,undrafted,Kansas State 
Willie Reed,2011,undrafted,Saint Louis 
Xavier Silas,2011,undrafted,Northern Illinois 
Greg Smith,2011,undrafted,Fresno State 
Alex Stepheson,2011,undrafted,USC 
Julyan Stone,2011,undrafted,UTEP 
Malcolm Thomas,2011,undrafted,San Diego State 
Mychel Thompson,2011,undrafted,Pepperdine 
Brad Wanamaker,2011,undrafted,Pittsburgh 
Chris Wright,2011,undrafted,Dayton 
Chris Wright,2011,undrafted,Georgetown 
Anthony Davis,2012,1,Kentucky
Michael Kidd-Gilchrist,2012,2,Kentucky
Bradley Beal,2012,3,Florida
Dion Waiters,2012,4,Syracuse
Thomas Robinson,2012,5,Kansas
Damian Lillard,2012,6,Weber State
Harrison Barnes,2012,7,North Carolina
Terrence Ross,2012,8,Washington
Andre Drummond,2012,9,Connecticut
Austin Rivers,2012,10,Duke
Meyers Leonard,2012,11,Illinois
Jeremy Lamb,2012,12,Connecticut
Kendall Marshall,2012,13,North Carolina
John Henson,2012,14,North Carolina
Maurice Harkless,2012,15,St. John's (NY)
Royce White,2012,16,Iowa State
Tyler Zeller,2012,17,North Carolina
Terrence Jones,2012,18,Kentucky
Andrew Nicholson,2012,19,St. Bonaventure
Evan Fournier,2012,20,none
Jared Sullinger,2012,21,Ohio State
Fab Melo,2012,22,Syracuse
John Jenkins,2012,23,Vanderbilt
Jared Cunningham,2012,24,Oregon State
Tony Wroten,2012,25,Washington
Miles Plumlee,2012,26,Duke
Arnett Moultrie,2012,27,Mississippi State
Perry Jones III,2012,28,Baylor
Marquis Teague,2012,29,Kentucky
Festus Ezeli,2012,30,Vanderbilt
Jeffery Taylor,2012,31,Vanderbilt
Tomas Satoransky,2012,32,none
Bernard James,2012,33,Florida State
Jae Crowder,2012,34,Marquette
Draymond Green,2012,35,Michigan State
Orlando Johnson,2012,36,California-Santa Barbara
Quincy Acy,2012,37,Baylor
Quincy Miller,2012,38,Baylor
Khris Middleton,2012,39,Texas A&M
Will Barton,2012,40,Memphis
Tyshawn Taylor,2012,41,Kansas
Doron Lamb,2012,42,Kentucky
Mike Scott,2012,43,Virginia
Kim English,2012,44,Missouri
Justin Hamilton,2012,45,Louisiana State
Darius Miller,2012,46,Kentucky
Kevin Murphy,2012,47,Tennessee Tech
Kostas Papanikolaou,2012,48,none
Kyle O'Quinn,2012,49,Norfolk State
Izzet Turkyilmaz,2012,50,none
Kris Joseph,2012,51,Syracuse
Ognjen Kuzmic,2012,52,none
Furkan Aldemir,2012,53,none
Tornike Shengelia,2012,54,Georgia
Darius Johnson-Odom,2012,55,Marquette
Tomislav Zubcic,2012,56,none
Ilkan Karaman,2012,57,none
Robbie Hummel,2012,58,Purdue
Marcus Denmon,2012,59,Missouri
Robert Sacre,2012,60,Gonzaga
Kent Bazemore,2012,undrafted,Old Dominion 
Drew Gordon,2012,undrafted,New Mexico 
JaMychal Green,2012,undrafted,Alabama 
Jorge Gutiérrez,2012,undrafted,California 
Mike James,2012,undrafted,Lamar 
Chris Johnson,2012,undrafted,Dayton 
DeQuan Jones,2012,undrafted,Miami 
Kevin Jones,2012,undrafted,West Virginia 
Scott Machado,2012,undrafted,Iona 
Josh Magette,2012,undrafted,Alabama–Huntsville 
Tony Mitchell,2012,undrafted,Alabama 
Toure' Murry,2012,undrafted,Wichita State 
James Nunnally,2012,undrafted,UC Santa Barbara 
Jonathon Simmons,2012,undrafted,Houston 
Henry Sims,2012,undrafted,Georgetown 
Chris Smith,2012,undrafted,Louisville 
Hollis Thompson,2012,undrafted,Georgetown 
Casper Ware,2012,undrafted,Long Beach State 
Maalik Wayns,2012,undrafted,Villanova 
C. J. Williams,2012,undrafted,NC State 
Anthony Bennett,2013,1,Nevada-Las Vegas
Victor Oladipo,2013,2,Indiana
Otto Porter Jr.,2013,3,Georgetown
Cody Zeller,2013,4,Indiana
Alex Len,2013,5,Maryland
Nerlens Noel,2013,6,Kentucky
Ben McLemore,2013,7,Kansas
Kentavious Caldwell-Pope,2013,8,Georgia
Trey Burke,2013,9,Michigan
CJ McCollum,2013,10,Lehigh
Michael Carter-Williams,2013,11,Syracuse
Steven Adams,2013,12,Pittsburgh
Kelly Olynyk,2013,13,Gonzaga
Shabazz Muhammad,2013,14,California-Los Angeles
Giannis Antetokounmpo,2013,15,none
Lucas Nogueira,2013,16,none
Dennis Schroder,2013,17,none
Shane Larkin,2013,18,Miami (FL)
Sergey Karasev,2013,19,none
Tony Snell,2013,20,New Mexico
Gorgui Dieng,2013,21,Louisville
Mason Plumlee,2013,22,Duke
Solomon Hill,2013,23,Arizona
Tim Hardaway Jr.,2013,24,Michigan
Reggie Bullock,2013,25,North Carolina
Andre Roberson,2013,26,Colorado
Rudy Gobert,2013,27,none
Livio Jean-Charles,2013,28,none
Archie Goodwin,2013,29,Kentucky
Nemanja Nedovic,2013,30,none
Allen Crabbe,2013,31,California
Alex Abrines,2013,32,none
Carrick Felix,2013,33,Arizona State
Isaiah Canaan,2013,34,Murray State
Glen Rice,2013,35,Michigan
Ray McCallum,2013,36,Detroit Mercy
Tony Mitchell,2013,37,North Texas
Nate Wolters,2013,38,South Dakota State
Jeff Withey,2013,39,Kansas
Grant Jerrett,2013,40,Arizona
Jamaal Franklin,2013,41,San Diego State
Pierre Jackson,2013,42,Baylor
Ricky Ledo,2013,43,Providence
Mike Muscala,2013,44,Bucknell
Marko Todorovic,2013,45,none
Erick Green,2013,46,Virginia Tech
Raul Neto,2013,47,none
Ryan Kelly,2013,48,Duke
Erik Murphy,2013,49,Florida
James Ennis III,2013,50,Long Beach State
Romero Osby,2013,51,Oklahoma
Lorenzo Brown,2013,52,North Carolina State
Colton Iverson,2013,53,Colorado State
Arsalan Kazemi,2013,54,Oregon
Joffrey Lauvergne,2013,55,none
Peyton Siva,2013,56,Louisville
Alex Oriakhi,2013,57,Missouri
Deshaun Thomas,2013,58,Ohio State
Bojan Dubljevic,2013,59,none
Janis Timma,2013,60,none
Chris Babb,2013,undrafted,Iowa State 
Vander Blue,2013,undrafted,Marquette 
Ryan Broekhoff,2013,undrafted,Valparaiso 
Will Cherry,2013,undrafted,Montana 
Ian Clark,2013,undrafted,Belmont 
Jack Cooley,2013,undrafted,Notre Dame 
Robert Covington,2013,undrafted,Tennessee State 
Seth Curry,2013,undrafted,Duke 
Troy Daniels,2013,undrafted,VCU 
Brandon Davies,2013,undrafted,BYU 
Dewayne Dedmon,2013,undrafted,USC 
Matthew Dellavedova,2013,undrafted,St. Mary's 
Larry Drew II,2013,undrafted,UCLA 
Elias Harris,2013,undrafted,Gonzaga 
Reggie Hearn,2013,undrafted,Northwestern 
Rodney McGruder,2013,undrafted,Kansas State 
Trey McKinney-Jones,2013,undrafted,Miami 
Brandon Paul,2013,undrafted,Illinois 
Phil Pressey,2013,undrafted,Missouri 
James Southerland,2013,undrafted,Syracuse 
D. J. Stephens,2013,undrafted,Memphis 
Adonis Thomas,2013,undrafted,Memphis 
Andrew Wiggins,2014,1,Kansas
Jabari Parker,2014,2,Duke
Joel Embiid,2014,3,Kansas
Aaron Gordon,2014,4,Arizona
Dante Exum,2014,5,none
Marcus Smart,2014,6,Oklahoma State
Julius Randle,2014,7,Kentucky
Nik Stauskas,2014,8,Michigan
Noah Vonleh,2014,9,Indiana
Elfrid Payton,2014,10,Louisiana-Lafayette
Doug McDermott,2014,11,Creighton
Dario Saric,2014,12,none
Zach LaVine,2014,13,California-Los Angeles
T.J. Warren,2014,14,North Carolina State
Adreian Payne,2014,15,Michigan State
Jusuf Nurkic,2014,16,none
James Young,2014,17,Kentucky
Tyler Ennis,2014,18,Syracuse
Gary Harris,2014,19,Michigan State
Bruno Caboclo,2014,20,none
Mitch McGary,2014,21,Michigan
Jordan Adams,2014,22,California-Los Angeles
Rodney Hood,2014,23,Duke
Shabazz Napier,2014,24,Connecticut
Clint Capela,2014,25,none
PJ Hairston,2014,26,none
Bogdan Bogdanovic,2014,27,none
C.J. Wilcox,2014,28,Washington
Josh Huestis,2014,29,Stanford
Kyle Anderson,2014,30,California-Los Angeles
Damien Inglis,2014,31,none
KJ McDaniels,2014,32,Clemson
Joe Harris,2014,33,Virginia
Cleanthony Early,2014,34,Wichita State
Jarnell Stokes,2014,35,Tennessee
Johnny O'Bryant III,2014,36,Louisiana State
DeAndre Daniels,2014,37,Connecticut
Spencer Dinwiddie,2014,38,Colorado
Jerami Grant,2014,39,Syracuse
Glenn Robinson III,2014,40,Michigan
Nikola Jokic,2014,41,none
Nick Johnson,2014,42,Arizona
Edy Tavares,2014,43,none
Markel Brown,2014,44,Oklahoma State
Dwight Powell,2014,45,Stanford
Jordan Clarkson,2014,46,Missouri
Russ Smith,2014,47,Louisville
Lamar Patterson,2014,48,Pittsburgh
Cameron Bairstow,2014,49,New Mexico
Alec Brown,2014,50,Wisconsin-Green Bay
Thanasis Antetokounmpo,2014,51,none
Vasilije Micic,2014,52,none
Alessandro Gentile,2014,53,none
Nemanja Dangubic,2014,54,none
Semaj Christon,2014,55,Xavier
Devyn Marble,2014,56,Iowa
Louis Labeyrie,2014,57,none
Jordan McRae,2014,58,Tennessee
Xavier Thames,2014,59,San Diego State
Cory Jefferson,2014,60,Baylor
Keith Appling,2014,undrafted,Michigan State 
Jerrelle Benimon,2014,undrafted,Towson 
Sim Bhullar,2014,undrafted,New Mexico State 
Khem Birch,2014,undrafted,UNLV 
Tarik Black,2014,undrafted,Kansas 
Jabari Brown,2014,undrafted,Missouri 
Coty Clarke,2014,undrafted,Arkansas 
Bryce Cotton,2014,undrafted,Providence 
Torrey Craig,2014,undrafted,USC Upstate 
Andre Dawkins,2014,undrafted,Duke 
Jarell Eddie,2014,undrafted,Virginia Tech 
Tim Frazier,2014,undrafted,Penn State 
Langston Galloway,2014,undrafted,Saint Joseph's 
Tyler Johnson,2014,undrafted,Fresno State 
Sean Kilpatrick,2014,undrafted,Cincinnati 
Alex Kirk,2014,undrafted,New Mexico 
Walter Lemon Jr.,2014,undrafted,Bradley 
James Michael McAdoo,2014,undrafted,North Carolina 
Eric Moreland,2014,undrafted,Oregon State 
Xavier Munford,2014,undrafted,Rhode Island 
JaKarr Sampson,2014,undrafted,St. John's 
David Stockton,2014,undrafted,Gonzaga 
David Wear,2014,undrafted,UCLA 
Travis Wear,2014,undrafted,UCLA 
Okaro White,2014,undrafted,Florida State 
Shayne Whittington,2014,undrafted,Western Michigan 
Jamil Wilson,2014,undrafted,Marquette 
Karl-Anthony Towns,2015,1,Kentucky
D'Angelo Russell,2015,2,Ohio State
Jahlil Okafor,2015,3,Duke
Kristaps Porzingis,2015,4,none
Mario Hezonja,2015,5,none
Willie Cauley-Stein,2015,6,Kentucky
Emmanuel Mudiay,2015,7,none
Stanley Johnson,2015,8,Arizona
Frank Kaminsky,2015,9,Wisconsin
Justise Winslow,2015,10,Duke
Myles Turner,2015,11,Texas
Trey Lyles,2015,12,Kentucky
Devin Booker,2015,13,Kentucky
Cameron Payne,2015,14,Murray State
Kelly Oubre Jr.,2015,15,Kansas
Terry Rozier,2015,16,Louisville
Rashad Vaughn,2015,17,Nevada-Las Vegas
Sam Dekker,2015,18,Wisconsin
Jerian Grant,2015,19,Notre Dame
Delon Wright,2015,20,Utah
Justin Anderson,2015,21,Virginia
Bobby Portis,2015,22,Arkansas
Rondae Hollis-Jefferson,2015,23,Arizona
Tyus Jones,2015,24,Duke
Jarell Martin,2015,25,Louisiana State
Nikola Milutinov,2015,26,none
Larry Nance Jr.,2015,27,Wyoming
RJ Hunter,2015,28,Georgia State
Chris McCullough,2015,29,Syracuse
Kevon Looney,2015,30,California-Los Angeles
Cedi Osman,2015,31,none
Montrezl Harrell,2015,32,Louisville
Jordan Mickey,2015,33,Louisiana State
Anthony Brown,2015,34,Stanford
Willy Hernangomez,2015,35,none
Rakeem Christmas,2015,36,Syracuse
Richaun Holmes,2015,37,Bowling Green
Darrun Hilliard,2015,38,Villanova
Juan Pablo Vaulet,2015,39,none
Josh Richardson,2015,40,Tennessee
Pat Connaughton,2015,41,Notre Dame
Olivier Hanlan,2015,42,Boston College
Joe Young,2015,43,Oregon
Andrew Harrison,2015,44,Kentucky
Marcus Thornton,2015,45,William & Mary
Norman Powell,2015,46,California-Los Angeles
Arturas Gudaitis,2015,47,none
Dakari Johnson,2015,48,Kentucky
Aaron White,2015,49,Iowa
Marcus Eriksson,2015,50,none
Tyler Harvey,2015,51,Eastern Washington
Satnam Singh,2015,52,none
Sir'Dominic Pointer,2015,53,St. John's (NY)
Daniel Diez,2015,54,none
Cady Lalanne,2015,55,Massachusetts
Branden Dawson,2015,56,Michigan State
Nikola Radicevic,2015,57,none
JP Tokoto,2015,58,North Carolina
Dimitrios Agravanis,2015,59,none
Luka Mitrovic,2015,60,none
Cliff Alexander,2015,undrafted,Kansas 
Quinn Cook,2015,undrafted,Duke 
Bryce Dejean-Jones,2015,undrafted,Iowa State 
Duje Dukan,2015,undrafted,Wisconsin 
Michael Frazier II,2015,undrafted,Florida 
Treveon Graham,2015,undrafted,VCU 
Javonte Green,2015,undrafted,Radford 
Aaron Harrison,2015,undrafted,Kentucky 
Vince Hunter,2015,undrafted,UTEP 
Stanton Kidd,2015,undrafted,Colorado State 
T. J. McConnell,2015,undrafted,Arizona 
Alfonzo McKinnie,2015,undrafted,Green Bay 
Malcolm Miller,2015,undrafted,Holy Cross 
Luis Montero,2015,undrafted,Westchester CC 
Maurice Ndour,2015,undrafted,Ohio 
J. J. O'Brien,2015,undrafted,San Diego State 
Royce O'Neale,2015,undrafted,Baylor 
Chasson Randle,2015,undrafted,Stanford 
Jordan Sibert,2015,undrafted,Dayton 
Juan Toscano-Anderson,2015,undrafted,Marquette 
Julian Washburn,2015,undrafted,UTEP 
Brianté Weber,2015,undrafted,VCU 
Alan Williams,2015,undrafted,UC Santa Barbara 
Christian Wood,2015,undrafted,UNLV 
Ben Simmons,2016,1,Louisiana State
Brandon Ingram,2016,2,Duke
Jaylen Brown,2016,3,California
Dragan Bender,2016,4,none
Kris Dunn,2016,5,Providence
Buddy Hield,2016,6,Oklahoma
Jamal Murray,2016,7,Kentucky
Marquese Chriss,2016,8,Washington
Jakob Poeltl,2016,9,Utah
Thon Maker,2016,10,none
Domantas Sabonis,2016,11,Gonzaga
Taurean Prince,2016,12,Baylor
Georgios Papagiannis,2016,13,none
Denzel Valentine,2016,14,Michigan State
Juancho Hernangomez,2016,15,none
Guerschon Yabusele,2016,16,none
Wade Baldwin IV,2016,17,Vanderbilt
Henry Ellenson,2016,18,Marquette
Malik Beasley,2016,19,Florida State
Caris LeVert,2016,20,Michigan
DeAndre' Bembry,2016,21,Saint Joseph's
Malachi Richardson,2016,22,Syracuse
Ante Zizic,2016,23,none
Timothe Luwawu-Cabarrot,2016,24,none
Brice Johnson,2016,25,North Carolina
Furkan Korkmaz,2016,26,none
Pascal Siakam,2016,27,New Mexico State
Skal Labissiere,2016,28,Kentucky
Dejounte Murray,2016,29,Washington
Damian Jones,2016,30,Vanderbilt
Deyonta Davis,2016,31,Michigan State
Ivica Zubac,2016,32,none
Cheick Diallo,2016,33,Kansas
Tyler Ulis,2016,34,Kentucky
Rade Zagorac,2016,35,none
Malcolm Brogdon,2016,36,Virginia
Chinanu Onuaku,2016,37,Louisville
Patrick McCaw,2016,38,Nevada-Las Vegas
David Michineau,2016,39,none
Diamond Stone,2016,40,Maryland
Stephen Zimmerman,2016,41,Nevada-Las Vegas
Isaiah Whitehead,2016,42,Seton Hall
Zhou Qi,2016,43,none
Isaia Cordinier,2016,44,none
Demetrius Jackson,2016,45,Notre Dame
AJ Hammons,2016,46,Purdue
Jake Layman,2016,47,Maryland
Paul Zipser,2016,48,none
Michael Gbinije,2016,49,Syracuse
Georges Niang,2016,50,Iowa State
Ben Bentil,2016,51,Providence
Joel Bolomboy,2016,52,Weber State
Petr Cornelie,2016,53,none
Kay Felder,2016,54,none
Marcus Paige,2016,55,North Carolina
Daniel Hamilton,2016,56,Connecticut
Wang Zhelin,2016,57,none
Abdel Nader,2016,58,Iowa State
Isaiah Cousins,2016,59,Oklahoma
Tyrone Wallace,2016,60,California
DeVaughn Akoon-Purcell,2016,undrafted,Illinois State 
Ryan Arcidiacono,2016,undrafted,Villanova 
Ron Baker,2016,undrafted,Wichita State 
Alex Caruso,2016,undrafted,Texas A&M 
Kyle Collinsworth,2016,undrafted,BYU 
Matt Costello,2016,undrafted,Michigan State 
Yogi Ferrell,2016,undrafted,Indiana 
Dorian Finney-Smith,2016,undrafted,Florida 
Bryn Forbes,2016,undrafted,Michigan State 
Patricio Garino,2016,undrafted,George Washington 
Marcus Georges-Hunt,2016,undrafted,Georgia Tech 
Josh Gray,2016,undrafted,LSU 
Shaquille Harrison,2016,undrafted,Tulsa 
Myke Henry,2016,undrafted,DePaul 
Danuel House,2016,undrafted,Texas A&M 
Derrick Jones Jr.,2016,undrafted,UNLV 
Jalen Jones,2016,undrafted,Texas A&M 
Damion Lee,2016,undrafted,Louisville 
Shawn Long,2016,undrafted,Louisiana–Lafayette 
Jordan Loyd,2016,undrafted,Indianapolis 
Sheldon McClellan,2016,undrafted,Miami 
David Nwaba,2016,undrafted,Cal Poly 
Daniel Ochefu,2016,undrafted,Villanova 
Gary Payton II,2016,undrafted,Oregon State 
Marshall Plumlee,2016,undrafted,Duke 
Alex Poythress,2016,undrafted,Kentucky 
Tim Quarterman,2016,undrafted,LSU 
Wayne Selden Jr.,2016,undrafted,Kansas 
Isaiah Taylor,2016,undrafted,Texas 
Mike Tobey,2016,undrafted,Virginia 
Jarrod Uthoff,2016,undrafted,Iowa 
Fred VanVleet,2016,undrafted,Wichita State 
Jameel Warney,2016,undrafted,Stony Brook 
James Webb III,2016,undrafted,Boise State 
Troy Williams,2016,undrafted,Indiana 
Kyle Wiltjer,2016,undrafted,Gonzaga 
Markelle Fultz,2017,1,Washington
Lonzo Ball,2017,2,California-Los Angeles
Jayson Tatum,2017,3,Duke
Josh Jackson,2017,4,Kansas
De'Aaron Fox,2017,5,Kentucky
Jonathan Isaac,2017,6,Florida State
Lauri Markkanen,2017,7,Arizona
Frank Ntilikina,2017,8,none
Dennis Smith Jr.,2017,9,North Carolina State
Zach Collins,2017,10,Gonzaga
Malik Monk,2017,11,Kentucky
Luke Kennard,2017,12,Duke
Donovan Mitchell,2017,13,Louisville
Bam Adebayo,2017,14,Kentucky
Justin Jackson,2017,15,North Carolina
Justin Patton,2017,16,Creighton
D.J. Wilson,2017,17,Michigan
TJ Leaf,2017,18,California-Los Angeles
John Collins,2017,19,Wake Forest
Harry Giles III,2017,20,Duke
Terrance Ferguson,2017,21,none
Jarrett Allen,2017,22,Texas
OG Anunoby,2017,23,Indiana
Tyler Lydon,2017,24,Syracuse
Anzejs Pasecniks,2017,25,none
Caleb Swanigan,2017,26,Purdue
Kyle Kuzma,2017,27,Utah
Tony Bradley,2017,28,North Carolina
Derrick White,2017,29,Colorado
Josh Hart,2017,30,Villanova
Frank Jackson,2017,31,Duke
Davon Reed,2017,32,Miami (FL)
Wes Iwundu,2017,33,Kansas State
Frank Mason,2017,34,Kansas
Ivan Rabb,2017,35,California
Jonah Bolden,2017,36,none
Semi Ojeleye,2017,37,Southern Methodist
Jordan Bell,2017,38,Oregon
Jawun Evans,2017,39,Oklahoma State
Dwayne Bacon,2017,40,Florida State
Tyler Dorsey,2017,41,Oregon
Thomas Bryant,2017,42,Indiana
Isaiah Hartenstein,2017,43,none
Damyean Dotson,2017,44,Houston
Dillon Brooks,2017,45,Oregon
Sterling Brown,2017,46,Southern Methodist
Ike Anigbogu,2017,47,California-Los Angeles
Sindarius Thornwell,2017,48,South Carolina
Vlatko Cancar,2017,49,none
Mathias Lessort,2017,50,none
Monte Morris,2017,51,Iowa State
Edmond Sumner,2017,52,Xavier
Kadeem Allen,2017,53,Arizona
Alec Peters,2017,54,Valparaiso
Nigel Williams-Goss,2017,55,Gonzaga
Jabari Bird,2017,56,California
Aleksandar Vezenkov,2017,57,none
Ognen Jaramaz,2017,58,none
Jaron Blossomgame,2017,59,Clemson
Alpha Kaba,2017,60,none
Jamel Artis,2017,undrafted,Pittsburgh 
Antonio Blakeney,2017,undrafted,LSU 
Chris Boucher,2017,undrafted,Oregon 
Isaiah Briscoe,2017,undrafted,Kentucky 
Deonte Burton,2017,undrafted,Iowa State 
Troy Caupain,2017,undrafted,Cincinnati 
Tyler Cavanaugh,2017,undrafted,George Washington 
Gian Clavell,2017,undrafted,Colorado State 
Antonius Cleveland,2017,undrafted,Southeast Missouri State 
Charles Cooke,2017,undrafted,Dayton 
Milton Doyle,2017,undrafted,Loyola 
P. J. Dozier,2017,undrafted,South Carolina 
Billy Garrett Jr.,2017,undrafted,DePaul 
Dusty Hannahs,2017,undrafted,Arkansas 
Nigel Hayes,2017,undrafted,Wisconsin 
Isaiah Hicks,2017,undrafted,North Carolina 
Isaac Humphries,2017,undrafted,Kentucky 
Amile Jefferson,2017,undrafted,Duke 
Luke Kornet,2017,undrafted,Vanderbilt 
Mangok Mathiang,2017,undrafted,Louisville 
Tahjere McCall,2017,undrafted,Tennessee State 
Erik McCree,2017,undrafted,Louisiana Tech 
Eric Mika,2017,undrafted,BYU 
Naz Mitrou-Long,2017,undrafted,Iowa State 
Ben Moore,2017,undrafted,SMU 
Jaylen Morris,2017,undrafted,Molloy College 
Johnathan Motley,2017,undrafted,Baylor 
Mychal Mulder,2017,undrafted,Kentucky 
London Perrantes,2017,undrafted,Virginia 
Rodney Purvis,2017,undrafted,Connecticut 
Xavier Rathan-Mayes,2017,undrafted,Florida State 
Devin Robinson,2017,undrafted,Florida 
Kobi Simmons,2017,undrafted,Arizona 
Matt Thomas,2017,undrafted,Iowa State 
Derrick Walton,2017,undrafted,Michigan 
Paul Watson,2017,undrafted,Fresno State 
Andrew White,2017,undrafted,Syracuse 
Matt Williams,2017,undrafted,UCF 
Jacob Wiley,2017,undrafted,Eastern Washington 
Deandre Ayton,2018,1,Arizona
Marvin Bagley III,2018,2,Duke
Luka Doncic,2018,3,none
Jaren Jackson Jr.,2018,4,Michigan State
Trae Young,2018,5,Oklahoma
Mo Bamba,2018,6,Texas
Wendell Carter Jr.,2018,7,West Virginia
Collin Sexton,2018,8,Alabama
Kevin Knox II,2018,9,Kentucky
Mikal Bridges,2018,10,Villanova
Shai Gilgeous-Alexander,2018,11,Kentucky
Miles Bridges,2018,12,Michigan State
Jerome Robinson,2018,13,Boston College
Michael Porter Jr.,2018,14,Missouri
Troy Brown Jr.,2018,15,Oregon
Zhaire Smith,2018,16,Texas Tech
Donte DiVincenzo,2018,17,Villanova
Lonnie Walker IV,2018,18,Miami (FL)
Kevin Huerter,2018,19,Maryland
Josh Okogie,2018,20,Georgia Tech
Grayson Allen,2018,21,Duke
Chandler Hutchison,2018,22,Boise State
Aaron Holiday,2018,23,California-Los Angeles
Anfernee Simons,2018,24,none
Moritz Wagner,2018,25,Michigan
Landry Shamet,2018,26,Wichita State
Robert Williams III,2018,27,Texas A&M
Jacob Evans,2018,28,Cincinnati
Dzanan Musa,2018,29,none
Omari Spellman,2018,30,Villanova
Elie Okobo,2018,31,none
Jevon Carter,2018,32,West Virginia
Jalen Brunson,2018,33,Villanova
Devonte' Graham,2018,34,Kansas
Melvin Frazier Jr.,2018,35,Tulane
Mitchell Robinson,2018,36,none
Gary Trent Jr.,2018,37,Duke
Khyri Thomas,2018,38,Creighton
Isaac Bonga,2018,39,none
Rodions Kurucs,2018,40,none
Jarred Vanderbilt,2018,41,Kentucky
Bruce Brown,2018,42,Miami (FL)
Justin Jackson,2018,43,Maryland
Issuf Sanon,2018,44,none
Hamidou Diallo,2018,45,Kentucky
De'Anthony Melton,2018,46,Southern California
Svi Mykhailiuk,2018,47,Kansas
Keita Bates-Diop,2018,48,Ohio State
Chimezie Metu,2018,49,Southern California
Alize Johnson,2018,50,Missouri State
Tony Carr,2018,51,Penn State
Vincent Edwards,2018,52,Purdue
Devon Hall,2018,53,Virginia
Shake Milton,2018,54,Southern Methodist
Arnoldas Kulboka,2018,55,none
Ray Spalding,2018,56,Louisville
Kevin Hervey,2018,57,Texas-Arlington
Thomas Welsh,2018,58,California-Los Angeles
George King,2018,59,Colorado
Kostas Antetokounmpo,2018,60,Dayton
Jaylen Adams,2018,undrafted,St. Bonaventure 
Deng Adel,2018,undrafted,Louisville 
Rawle Alkins,2018,undrafted,Arizona 
Joe Chealey,2018,undrafted,College of Charleston 
Chris Chiozza,2018,undrafted,Florida 
Gary Clark,2018,undrafted,Cincinnati 
Bonzie Colson,2018,undrafted,Notre Dame 
Marcus Derrickson,2018,undrafted,Georgetown 
Tyler Davis,2018,undrafted,Texas A&M 
Ángel Delgado,2018,undrafted,Seton Hall 
Trevon Duval,2018,undrafted,Duke 
Drew Eubanks,2018,undrafted,Oregon State 
Wenyen Gabriel,2018,undrafted,Kentucky 
Brandon Goodwin,2018,undrafted,Florida Gulf Coast 
Donte Grantham,2018,undrafted,Clemson 
Haywood Highsmith,2018,undrafted,Wheeling Jesuit 
B. J. Johnson,2018,undrafted,La Salle 
Jemerrio Jones,2018,undrafted,New Mexico State 
Zach Lofton,2018,undrafted,New Mexico State 
Daryl Macon,2018,undrafted,Arkansas 
J. P. Macura,2018,undrafted,Xavier 
Kelan Martin,2018,undrafted,Butler 
Yante Maten,2018,undrafted,Georgia 
Jordan McLaughlin,2018,undrafted,USC 
Malik Newman,2018,undrafted,Kansas 
Kendrick Nunn,2018,undrafted,Oakland 
Theo Pinson,2018,undrafted,North Carolina 
Cameron Reynolds,2018,undrafted,Tulane 
Duncan Robinson,2018,undrafted,Michigan 
Brandon Sampson,2018,undrafted,LSU 
Jared Terrell,2018,undrafted,Rhode Island 
Emanuel Terry,2018,undrafted,Lincoln Memorial 
Allonzo Trier,2018,undrafted,Arizona 
Yuta Watanabe,2018,undrafted,George Washington 
Johnathan Williams,2018,undrafted,Gonzaga 
Kenrich Williams,2018,undrafted,TCU 
Zion Williamson,2019,1,Duke
Ja Morant,2019,2,Murray State
RJ Barrett,2019,3,Duke
De'Andre Hunter,2019,4,Virginia
Darius Garland,2019,5,Vanderbilt
Jarrett Culver,2019,6,Texas Tech
Coby White,2019,7,North Carolina
Jaxson Hayes,2019,8,Texas
Rui Hachimura,2019,9,Gonzaga
Cam Reddish,2019,10,Duke
Cameron Johnson,2019,11,North Carolina
P.J. Washington,2019,12,Kentucky
Tyler Herro,2019,13,Kentucky
Romeo Langford,2019,14,Indiana
Sekou Doumbouya,2019,15,none
Chuma Okeke,2019,16,Auburn
Nickeil Alexander-Walker,2019,17,Virginia Tech
Goga Bitadze,2019,18,none
Luka Samanic,2019,19,none
Matisse Thybulle,2019,20,Washington
Brandon Clarke,2019,21,Gonzaga
Grant Williams,2019,22,Tennessee
Darius Bazley,2019,23,none
Ty Jerome,2019,24,Virginia
Nassir Little,2019,25,North Carolina
Dylan Windler,2019,26,Belmont
Mfiondu Kabengele,2019,27,Florida State
Jordan Poole,2019,28,Michigan
Keldon Johnson,2019,29,Kentucky
Kevin Porter Jr.,2019,30,Southern California
Nicolas Claxton,2019,31,Georgia
KZ Okpala,2019,32,Stanford
Carsen Edwards,2019,33,Purdue
Bruno Fernando,2019,34,Maryland
Marcos Louzada Silva,2019,35,none
Cody Martin,2019,36,North Carolina State
Deividas Sirvydis,2019,37,none
Daniel Gafford,2019,38,Arkansas
Alen Smailagic,2019,39,none
Justin James,2019,40,Wyoming
Eric Paschall,2019,41,Villanova
Admiral Schofield,2019,42,Tennessee
Jaylen Nowell,2019,43,Washington
Bol Bol,2019,44,Oregon
Isaiah Roby,2019,45,Nebraska
Talen Horton-Tucker,2019,46,Iowa State
Ignas Brazdeikis,2019,47,Michigan
Terance Mann,2019,48,Florida State
Quinndary Weatherspoon,2019,49,Mississippi State
Jarrell Brantley,2019,50,College of Charleston
Tremont Waters,2019,51,Louisiana State
Jalen McDaniels,2019,52,San Diego
Justin Wright-Foreman,2019,53,Hofstra
Marial Shayok,2019,54,Virginia
Kyle Guy,2019,55,Virginia
Jaylen Hands,2019,56,California-Los Angeles
Jordan Bone,2019,57,Tennessee
Miye Oni,2019,58,Yale
Dewan Hernandez,2019,59,Miami (FL)
Vanja Marinkovic,2019,60,none
Marques Bolden,2019,undrafted,Duke 
Brian Bowen,2019,undrafted,Sydney Kings 
Ky Bowman,2019,undrafted,Boston College 
Oshae Brissett,2019,undrafted,Syracuse 
Charlie Brown,2019,undrafted,Saint Joseph's 
Moses Brown,2019,undrafted,UCLA 
Zylan Cheatham,2019,undrafted,Arizona State 
Chris Clemons,2019,undrafted,Campbell 
Amir Coffey,2019,undrafted,Minnesota 
Tyler Cook,2019,undrafted,Iowa 
Terence Davis,2019,undrafted,Ole Miss 
Luguentz Dort,2019,undrafted,Arizona State 
Tacko Fall,2019,undrafted,UCF 
Donta Hall,2019,undrafted,Alabama 
Jared Harper,2019,undrafted,Auburn 
Jaylen Hoard,2019,undrafted,Wake Forest 
DaQuan Jeffries,2019,undrafted,Tulsa 
Louis King,2019,undrafted,Oregon 
John Konchar,2019,undrafted,Purdue Fort Wayne 
Vic Law,2019,undrafted,Northwestern 
Caleb Martin,2019,undrafted,Nevada 
Garrison Mathews,2019,undrafted,Lipscomb 
Adam Mokoka,2019,undrafted,Mega Bemax 
Matt Mooney,2019,undrafted,Texas Tech 
Juwan Morgan,2019,undrafted,Indiana 
Zach Norvell Jr.,2019,undrafted,Gonzaga 
Tariq Owens,2019,undrafted,Texas Tech 
Shamorie Ponds,2019,undrafted,St. John's 
Josh Reaves,2019,undrafted,Penn State 
Naz Reid,2019,undrafted,LSU 
Justin Robinson,2019,undrafted,Virginia Tech 
Chris Silva,2019,undrafted,South Carolina 
Max Strus,2019,undrafted,DePaul 
Rayjon Tucker,2019,undrafted,Little Rock 
Dean Wade,2019,undrafted,Kansas State 
